ファイル名,業態,市内外,組み合わせbits,組み合わせID,組み合わせ名,採用媒体数,採用媒体一覧,媒体,Shapley準拠_接触者平均,接触率,接触者数,重み付き貢献度,広告予算配分_推奨(RAW比),広告予算配分_推奨(0%下限正規化%)
1m1,宅配ピザ・宅配寿司,名古屋市内,1,C0001,折込,1,折込,折込,0.144671754,0.377222693,891,128.9025328,100,100
1m1,宅配ピザ・宅配寿司,名古屋市内,10,C0002,ポスティング,1,ポスティング,ポスティング,-0.056299956,0.555461473,1312,-73.86554218,100,0
1m1,宅配ピザ・宅配寿司,名古屋市内,11,C0003,折込+ポスティング,2,"折込,ポスティング",折込,0.13679453,0.377222693,891,121.8839263,194.0018117,100
1m1,宅配ピザ・宅配寿司,名古屋市内,11,C0003,折込+ポスティング,2,"折込,ポスティング",ポスティング,-0.045013527,0.555461473,1312,-59.05774685,-94.00181166,0
1m1,宅配ピザ・宅配寿司,名古屋市内,100,C0004,フリーペーパー,1,フリーペーパー,フリーペーパー,0.308163989,0.125317528,296,91.21654066,100,100
1m1,宅配ピザ・宅配寿司,名古屋市内,101,C0005,折込+フリーペーパー,2,"折込,フリーペーパー",折込,0.131197668,0.377222693,891,116.8971223,58.22518737,58.22518737
1m1,宅配ピザ・宅配寿司,名古屋市内,101,C0005,折込+フリーペーパー,2,"折込,フリーペーパー",フリーペーパー,0.283345112,0.125317528,296,83.87015316,41.77481263,41.77481263
1m1,宅配ピザ・宅配寿司,名古屋市内,110,C0006,ポスティング+フリーペーパー,2,"ポスティング,フリーペーパー",ポスティング,-0.068485818,0.555461473,1312,-89.85339304,-1156.422375,0
1m1,宅配ピザ・宅配寿司,名古屋市内,110,C0006,ポスティング+フリーペーパー,2,"ポスティング,フリーペーパー",フリーペーパー,0.329808578,0.125317528,296,97.62333896,1256.422375,100
1m1,宅配ピザ・宅配寿司,名古屋市内,111,C0007,折込+ポスティング+フリーペーパー,3,"折込,ポスティング,フリーペーパー",折込,0.120637094,0.377222693,891,107.4876504,88.66243579,54.37731562
1m1,宅配ピザ・宅配寿司,名古屋市内,111,C0007,折込+ポスティング+フリーペーパー,3,"折込,ポスティング,フリーペーパー",ポスティング,-0.058260336,0.555461473,1312,-76.43756132,-63.05040948,0
1m1,宅配ピザ・宅配寿司,名古屋市内,111,C0007,折込+ポスティング+フリーペーパー,3,"折込,ポスティング,フリーペーパー",フリーペーパー,0.304670166,0.125317528,296,90.18236911,74.38797369,45.62268438
1m1,宅配ピザ・宅配寿司,名古屋市内,1000,C0008,web,1,web,web,-0.00741981,0.188399661,445,-3.301815588,100,0
1m1,宅配ピザ・宅配寿司,名古屋市内,1001,C0009,折込+web,2,"折込,web",折込,0.144656826,0.377222693,891,128.8892318,97.9194918,97.9194918
1m1,宅配ピザ・宅配寿司,名古屋市内,1001,C0009,折込+web,2,"折込,web",web,0.006153992,0.188399661,445,2.738526303,2.080508201,2.080508201
1m1,宅配ピザ・宅配寿司,名古屋市内,1010,C0010,ポスティング+web,2,"ポスティング,web",ポスティング,-0.056551679,0.555461473,1312,-74.19580277,90.90610533,0
1m1,宅配ピザ・宅配寿司,名古屋市内,1010,C0010,ポスティング+web,2,"ポスティング,web",web,-0.016679238,0.188399661,445,-7.422260724,9.093894668,0
1m1,宅配ピザ・宅配寿司,名古屋市内,1011,C0011,折込+ポスティング+web,3,"折込,ポスティング,web",折込,0.136697957,0.377222693,891,121.7978794,193.5369366,100
1m1,宅配ピザ・宅配寿司,名古屋市内,1011,C0011,折込+ポスティング+web,3,"折込,ポスティング,web",ポスティング,-0.044731171,0.555461473,1312,-58.68729656,-93.25416544,0
1m1,宅配ピザ・宅配寿司,名古屋市内,1011,C0011,折込+ポスティング+web,3,"折込,ポスティング,web",web,-0.0003999,0.188399661,445,-0.177955307,-0.282771138,0
1m1,宅配ピザ・宅配寿司,名古屋市内,1100,C0012,フリーペーパー+web,2,"フリーペーパー,web",フリーペーパー,0.315732517,0.125317528,296,93.45682496,130.4351758,100
1m1,宅配ピザ・宅配寿司,名古屋市内,1100,C0012,フリーペーパー+web,2,"フリーペーパー,web",web,-0.049004064,0.188399661,445,-21.80680846,-30.43517578,0
1m1,宅配ピザ・宅配寿司,名古屋市内,1101,C0013,折込+フリーペーパー+web,3,"折込,フリーペーパー,web",折込,0.130584639,0.377222693,891,116.3509138,62.10573806,57.7456776
1m1,宅配ピザ・宅配寿司,名古屋市内,1101,C0013,折込+フリーペーパー+web,3,"折込,フリーペーパー,web",フリーペーパー,0.287627063,0.125317528,296,85.13761078,45.44471532,42.2543224
1m1,宅配ピザ・宅配寿司,名古屋市内,1101,C0013,折込+フリーペーパー+web,3,"折込,フリーペーパー,web",web,-0.031787113,0.188399661,445,-14.14526545,-7.550453385,0
1m1,宅配ピザ・宅配寿司,名古屋市内,1110,C0014,ポスティング+フリーペーパー+web,3,"ポスティング,フリーペーパー,web",ポスティング,-0.07059968,0.555461473,1312,-92.62678034,486.1351191,0
1m1,宅配ピザ・宅配寿司,名古屋市内,1110,C0014,ポスティング+フリーペーパー+web,3,"ポスティング,フリーペーパー,web",フリーペーパー,0.33981122,0.125317528,296,100.584121,-527.8978008,100
1m1,宅配ピザ・宅配寿司,名古屋市内,1110,C0014,ポスティング+フリーペーパー+web,3,"ポスティング,フリーペーパー,web",web,-0.060698992,0.188399661,445,-27.01105157,141.7626816,0
1m1,宅配ピザ・宅配寿司,名古屋市内,1111,C0015,折込+ポスティング+フリーペーパー+web,4,"折込,ポスティング,フリーペーパー,web",折込,0.118414991,0.377222693,891,105.5077573,105.584466,53.27051162
1m1,宅配ピザ・宅配寿司,名古屋市内,1111,C0015,折込+ポスティング+フリーペーパー+web,4,"折込,ポスティング,フリーペーパー,web",ポスティング,-0.059237605,0.555461473,1312,-77.71973729,-77.7762429,0
1m1,宅配ピザ・宅配寿司,名古屋市内,1111,C0015,折込+ポスティング+フリーペーパー+web,4,"折込,ポスティング,フリーペーパー,web",フリーペーパー,0.31267765,0.125317528,296,92.55258432,92.61987406,46.72948838
1m1,宅配ピザ・宅配寿司,名古屋市内,1111,C0015,折込+ポスティング+フリーペーパー+web,4,"折込,ポスティング,フリーペーパー,web",web,-0.045872485,0.188399661,445,-20.41325584,-20.42809717,0
1m2,リサイクルショップ・中古品買取店（例：服・家具・家電などの持ち込み買取・査定）,名古屋市内,1,C0001,折込,1,折込,折込,0.127526653,0.322765073,621,79.19405182,100,100
1m2,リサイクルショップ・中古品買取店（例：服・家具・家電などの持ち込み買取・査定）,名古屋市内,10,C0002,ポスティング,1,ポスティング,ポスティング,-0.116641902,0.431912682,831,-96.9294206,100,0
1m2,リサイクルショップ・中古品買取店（例：服・家具・家電などの持ち込み買取・査定）,名古屋市内,11,C0003,折込+ポスティング,2,"折込,ポスティング",折込,0.108885181,0.322765073,621,67.61769767,-298.982145,100
1m2,リサイクルショップ・中古品買取店（例：服・家具・家電などの持ち込み買取・査定）,名古屋市内,11,C0003,折込+ポスティング,2,"折込,ポスティング",ポスティング,-0.108584432,0.431912682,831,-90.2336628,398.982145,0
1m2,リサイクルショップ・中古品買取店（例：服・家具・家電などの持ち込み買取・査定）,名古屋市内,100,C0004,フリーペーパー,1,フリーペーパー,フリーペーパー,0.394974006,0.093555094,180,71.09532112,100,100
1m2,リサイクルショップ・中古品買取店（例：服・家具・家電などの持ち込み買取・査定）,名古屋市内,101,C0005,折込+フリーペーパー,2,"折込,フリーペーパー",折込,0.12164124,0.322765073,621,75.53921005,51.96075114,51.96075114
1m2,リサイクルショップ・中古品買取店（例：服・家具・家電などの持ち込み買取・査定）,名古屋市内,101,C0005,折込+フリーペーパー,2,"折込,フリーペーパー",フリーペーパー,0.387990169,0.093555094,180,69.83823041,48.03924886,48.03924886
1m2,リサイクルショップ・中古品買取店（例：服・家具・家電などの持ち込み買取・査定）,名古屋市内,110,C0006,ポスティング+フリーペーパー,2,"ポスティング,フリーペーパー",ポスティング,-0.134516554,0.431912682,831,-111.7832563,345.6742539,0
1m2,リサイクルショップ・中古品買取店（例：服・家具・家電などの持ち込み買取・査定）,名古屋市内,110,C0006,ポスティング+フリーペーパー,2,"ポスティング,フリーペーパー",フリーペーパー,0.441363956,0.093555094,180,79.44551199,-245.6742539,100
1m2,リサイクルショップ・中古品買取店（例：服・家具・家電などの持ち込み買取・査定）,名古屋市内,111,C0007,折込+ポスティング+フリーペーパー,3,"折込,ポスティング,フリーペーパー",折込,0.100832239,0.322765073,621,62.61682024,178.9058878,44.45300984
1m2,リサイクルショップ・中古品買取店（例：服・家具・家電などの持ち込み買取・査定）,名古屋市内,111,C0007,折込+ポスティング+フリーペーパー,3,"折込,ポスティング,フリーペーパー",ポスティング,-0.127389691,0.431912682,831,-105.8608331,-302.4606847,0
1m2,リサイクルショップ・中古品買取店（例：服・家具・家電などの持ち込み買取・査定）,名古屋市内,111,C0007,折込+ポスティング+フリーペーパー,3,"折込,ポスティング,フリーペーパー",フリーペーパー,0.434688213,0.093555094,180,78.24387843,223.5547969,55.54699016
1m2,リサイクルショップ・中古品買取店（例：服・家具・家電などの持ち込み買取・査定）,名古屋市内,1000,C0008,web,1,web,web,0.365426219,0.12006237,231,84.41345663,100,100
1m2,リサイクルショップ・中古品買取店（例：服・家具・家電などの持ち込み買取・査定）,名古屋市内,1001,C0009,折込+web,2,"折込,web",折込,0.162040837,0.322765073,621,100.6273599,51.93660324,51.93660324
1m2,リサイクルショップ・中古品買取店（例：服・家具・家電などの持ち込み買取・査定）,名古屋市内,1001,C0009,折込+web,2,"折込,web",web,0.403129905,0.12006237,231,93.12300809,48.06339676,48.06339676
1m2,リサイクルショップ・中古品買取店（例：服・家具・家電などの持ち込み買取・査定）,名古屋市内,1010,C0010,ポスティング+web,2,"ポスティング,web",ポスティング,-0.098372512,0.431912682,831,-81.74755729,1596.746141,0
1m2,リサイクルショップ・中古品買取店（例：服・家具・家電などの持ち込み買取・査定）,名古屋市内,1010,C0010,ポスティング+web,2,"ポスティング,web",web,0.331722612,0.12006237,231,76.62792336,-1496.746141,100
1m2,リサイクルショップ・中古品買取店（例：服・家具・家電などの持ち込み買取・査定）,名古屋市内,1011,C0011,折込+ポスティング+web,3,"折込,ポスティング,web",折込,0.145575217,0.322765073,621,90.40220947,87.13483365,51.3008299
1m2,リサイクルショップ・中古品買取店（例：服・家具・家電などの持ち込み買取・査定）,名古屋市内,1011,C0011,折込+ポスティング+web,3,"折込,ポスティング,web",ポスティング,-0.087208167,0.431912682,831,-72.46998686,-69.85072916,0
1m2,リサイクルショップ・中古品買取店（例：服・家具・家電などの持ち込み買取・査定）,名古屋市内,1011,C0011,折込+ポスティング+web,3,"折込,ポスティング,web",web,0.371504633,0.12006237,231,85.81757031,82.71589551,48.6991701
1m2,リサイクルショップ・中古品買取店（例：服・家具・家電などの持ち込み買取・査定）,名古屋市内,1100,C0012,フリーペーパー+web,2,"フリーペーパー,web",フリーペーパー,0.385539999,0.093555094,180,69.39719988,45.64775617,45.64775617
1m2,リサイクルショップ・中古品買取店（例：服・家具・家電などの持ち込み買取・査定）,名古屋市内,1100,C0012,フリーペーパー+web,2,"フリーペーパー,web",web,0.357707471,0.12006237,231,82.63042581,54.35224383,54.35224383
1m2,リサイクルショップ・中古品買取店（例：服・家具・家電などの持ち込み買取・査定）,名古屋市内,1101,C0013,折込+フリーペーパー+web,3,"折込,フリーペーパー,web",折込,0.154488702,0.322765073,621,95.93748415,37.76664908,37.76664908
1m2,リサイクルショップ・中古品買取店（例：服・家具・家電などの持ち込み買取・査定）,名古屋市内,1101,C0013,折込+フリーペーパー+web,3,"折込,フリーペーパー,web",フリーペーパー,0.369150757,0.093555094,180,66.44713629,26.15750977,26.15750977
1m2,リサイクルショップ・中古品買取店（例：服・家具・家電などの持ち込み買取・査定）,名古屋市内,1101,C0013,折込+フリーペーパー+web,3,"折込,フリーペーパー,web",web,0.39672024,0.12006237,231,91.64237554,36.07584115,36.07584115
1m2,リサイクルショップ・中古品買取店（例：服・家具・家電などの持ち込み買取・査定）,名古屋市内,1110,C0014,ポスティング+フリーペーパー+web,3,"ポスティング,フリーペーパー,web",ポスティング,-0.11728733,0.431912682,831,-97.46577134,-182.7099092,0
1m2,リサイクルショップ・中古品買取店（例：服・家具・家電などの持ち込み買取・査定）,名古屋市内,1110,C0014,ポスティング+フリーペーパー+web,3,"ポスティング,フリーペーパー,web",フリーペーパー,0.42718735,0.093555094,180,76.89372292,144.145426,50.98704408
1m2,リサイクルショップ・中古品買取店（例：服・家具・家電などの持ち込み買取・査定）,名古屋市内,1110,C0014,ポスティング+フリーペーパー+web,3,"ポスティング,フリーペーパー,web",web,0.319985257,0.12006237,231,73.9165943,138.5644832,49.01295592
1m2,リサイクルショップ・中古品買取店（例：服・家具・家電などの持ち込み買取・査定）,名古屋市内,1111,C0015,折込+ポスティング+フリーペーパー+web,4,"折込,ポスティング,フリーペーパー,web",折込,0.134848929,0.322765073,621,83.7411846,55.14033071,34.77465458
1m2,リサイクルショップ・中古品買取店（例：服・家具・家電などの持ち込み買取・査定）,名古屋市内,1111,C0015,折込+ポスティング+フリーペーパー+web,4,"折込,ポスティング,フリーペーパー,web",ポスティング,-0.107029801,0.431912682,831,-88.94176461,-58.56471147,0
1m2,リサイクルショップ・中古品買取店（例：服・家具・家電などの持ち込み買取・査定）,名古屋市内,1111,C0015,折込+ポスティング+フリーペーパー+web,4,"折込,ポスティング,フリーペーパー,web",フリーペーパー,0.416434224,0.093555094,180,74.95816026,49.35704893,31.12738545
1m2,リサイクルショップ・中古品買取店（例：服・家具・家電などの持ち込み買取・査定）,名古屋市内,1111,C0015,折込+ポスティング+フリーペーパー+web,4,"折込,ポスティング,フリーペーパー,web",web,0.3554616,0.12006237,231,82.11162968,54.06733183,34.09795996
1m3,金、プラチナなどの貴金属・宝飾品・ブランド時計買取店（査定のみも含む）,名古屋市内,1,C0001,折込,1,折込,折込,0.127052111,0.345692475,634,80.55103859,100,100
1m3,金、プラチナなどの貴金属・宝飾品・ブランド時計買取店（査定のみも含む）,名古屋市内,10,C0002,ポスティング,1,ポスティング,ポスティング,-0.209031154,0.350599782,643,-134.4070322,100,0
1m3,金、プラチナなどの貴金属・宝飾品・ブランド時計買取店（査定のみも含む）,名古屋市内,11,C0003,折込+ポスティング,2,"折込,ポスティング",折込,0.109372944,0.345692475,634,69.34244637,-112.2940523,100
1m3,金、プラチナなどの貴金属・宝飾品・ブランド時計買取店（査定のみも含む）,名古屋市内,11,C0003,折込+ポスティング,2,"折込,ポスティング",ポスティング,-0.203877481,0.350599782,643,-131.0932203,212.2940523,0
1m3,金、プラチナなどの貴金属・宝飾品・ブランド時計買取店（査定のみも含む）,名古屋市内,100,C0004,フリーペーパー,1,フリーペーパー,フリーペーパー,0.574924509,0.098691385,181,104.0613361,100,100
1m3,金、プラチナなどの貴金属・宝飾品・ブランド時計買取店（査定のみも含む）,名古屋市内,101,C0005,折込+フリーペーパー,2,"折込,フリーペーパー",折込,0.115597079,0.345692475,634,73.28854797,41.66942526,41.66942526
1m3,金、プラチナなどの貴金属・宝飾品・ブランド時計買取店（査定のみも含む）,名古屋市内,101,C0005,折込+フリーペーパー,2,"折込,フリーペーパー",フリーペーパー,0.566808413,0.098691385,181,102.5923227,58.33057474,58.33057474
1m3,金、プラチナなどの貴金属・宝飾品・ブランド時計買取店（査定のみも含む）,名古屋市内,110,C0006,ポスティング+フリーペーパー,2,"ポスティング,フリーペーパー",ポスティング,-0.243120818,0.350599782,643,-156.3266862,384.9746906,0
1m3,金、プラチナなどの貴金属・宝飾品・ブランド時計買取店（査定のみも含む）,名古屋市内,110,C0006,ポスティング+フリーペーパー,2,"ポスティング,フリーペーパー",フリーペーパー,0.639335264,0.098691385,181,115.7196827,-284.9746906,100
1m3,金、プラチナなどの貴金属・宝飾品・ブランド時計買取店（査定のみも含む）,名古屋市内,111,C0007,折込+ポスティング+フリーペーパー,3,"折込,ポスティング,フリーペーパー",折込,0.100100276,0.345692475,634,63.46357487,248.706973,35.5933212
1m3,金、プラチナなどの貴金属・宝飾品・ブランド時計買取店（査定のみも含む）,名古屋市内,111,C0007,折込+ポスティング+フリーペーパー,3,"折込,ポスティング,フリーペーパー",ポスティング,-0.237611992,0.350599782,643,-152.7845107,-598.7461822,0
1m3,金、プラチナなどの貴金属・宝飾品・ブランド時計買取店（査定のみも含む）,名古屋市内,111,C0007,折込+ポスティング+フリーペーパー,3,"折込,ポスティング,フリーペーパー",フリーペーパー,0.634465992,0.098691385,181,114.8383445,450.0392092,64.4066788
1m3,金、プラチナなどの貴金属・宝飾品・ブランド時計買取店（査定のみも含む）,名古屋市内,1000,C0008,web,1,web,web,0.428769959,0.117775354,216,92.61431106,100,100
1m3,金、プラチナなどの貴金属・宝飾品・ブランド時計買取店（査定のみも含む）,名古屋市内,1001,C0009,折込+web,2,"折込,web",折込,0.183963411,0.345692475,634,116.6328026,53.10281739,53.10281739
1m3,金、プラチナなどの貴金属・宝飾品・ブランド時計買取店（査定のみも含む）,名古屋市内,1001,C0009,折込+web,2,"折込,web",web,0.47686577,0.117775354,216,103.0030064,46.89718261,46.89718261
1m3,金、プラチナなどの貴金属・宝飾品・ブランド時計買取店（査定のみも含む）,名古屋市内,1010,C0010,ポスティング+web,2,"ポスティング,web",ポスティング,-0.187617726,0.350599782,643,-120.6381981,332.9865595,0
1m3,金、プラチナなどの貴金属・宝飾品・ブランド時計買取店（査定のみも含む）,名古屋市内,1010,C0010,ポスティング+web,2,"ポスティング,web",web,0.390782633,0.117775354,216,84.40904872,-232.9865595,100
1m3,金、プラチナなどの貴金属・宝飾品・ブランド時計買取店（査定のみも含む）,名古屋市内,1011,C0011,折込+ポスティング+web,3,"折込,ポスティング,web",折込,0.167057946,0.345692475,634,105.9147378,121.7070098,52.82866586
1m3,金、プラチナなどの貴金属・宝飾品・ブランド時計買取店（査定のみも含む）,名古屋市内,1011,C0011,折込+ポスティング+web,3,"折込,ポスティング,web",ポスティング,-0.176458622,0.350599782,643,-113.4628941,-130.3806235,0
1m3,金、プラチナなどの貴金属・宝飾品・ブランド時計買取店（査定のみも含む）,名古屋市内,1011,C0011,折込+ポスティング+web,3,"折込,ポスティング,web",web,0.437835691,0.117775354,216,94.57250924,108.6736137,47.17133414
1m3,金、プラチナなどの貴金属・宝飾品・ブランド時計買取店（査定のみも含む）,名古屋市内,1100,C0012,フリーペーパー+web,2,"フリーペーパー,web",フリーペーパー,0.559490841,0.098691385,181,101.2678421,52.61846981,52.61846981
1m3,金、プラチナなどの貴金属・宝飾品・ブランド時計買取店（査定のみも含む）,名古屋市内,1100,C0012,フリーペーパー+web,2,"フリーペーパー,web",web,0.422171268,0.117775354,216,91.18899384,47.38153019,47.38153019
1m3,金、プラチナなどの貴金属・宝飾品・ブランド時計買取店（査定のみも含む）,名古屋市内,1101,C0013,折込+フリーペーパー+web,3,"折込,フリーペーパー,web",折込,0.167881873,0.345692475,634,106.4371078,34.92706946,34.92706946
1m3,金、プラチナなどの貴金属・宝飾品・ブランド時計買取店（査定のみも含む）,名古屋市内,1101,C0013,折込+フリーペーパー+web,3,"折込,フリーペーパー,web",フリーペーパー,0.547331061,0.098691385,181,99.06692207,32.50856153,32.50856153
1m3,金、プラチナなどの貴金属・宝飾品・ブランド時計買取店（査定のみも含む）,名古屋市内,1101,C0013,折込+フリーペーパー+web,3,"折込,フリーペーパー,web",web,0.459430511,0.117775354,216,99.23699034,32.56436901,32.56436901
1m3,金、プラチナなどの貴金属・宝飾品・ブランド時計買取店（査定のみも含む）,名古屋市内,1110,C0014,ポスティング+フリーペーパー+web,3,"ポスティング,フリーペーパー,web",ポスティング,-0.222916035,0.350599782,643,-143.3350104,-277.2564044,0
1m3,金、プラチナなどの貴金属・宝飾品・ブランド時計買取店（査定のみも含む）,名古屋市内,1110,C0014,ポスティング+フリーペーパー+web,3,"ポスティング,フリーペーパー,web",フリーペーパー,0.624365081,0.098691385,181,113.0100796,218.5981516,57.94418571
1m3,金、プラチナなどの貴金属・宝飾品・ブランド時計買取店（査定のみも含む）,名古屋市内,1110,C0014,ポスティング+フリーペーパー+web,3,"ポスティング,フリーペーパー,web",web,0.379734112,0.117775354,216,82.02256813,158.6582528,42.05581429
1m3,金、プラチナなどの貴金属・宝飾品・ブランド時計買取店（査定のみも含む）,名古屋市内,1111,C0015,折込+ポスティング+フリーペーパー+web,4,"折込,ポスティング,フリーペーパー,web",折込,0.151684369,0.345692475,634,96.16788963,60.6476108,32.25751649
1m3,金、プラチナなどの貴金属・宝飾品・ブランド時計買取店（査定のみも含む）,名古屋市内,1111,C0015,折込+ポスティング+フリーペーパー+web,4,"折込,ポスティング,フリーペーパー,web",ポスティング,-0.217040771,0.350599782,643,-139.5572158,-88.01078759,0
1m3,金、プラチナなどの貴金属・宝飾品・ブランド時計買取店（査定のみも含む）,名古屋市内,1111,C0015,折込+ポスティング+フリーペーパー+web,4,"折込,ポスティング,フリーペーパー,web",フリーペーパー,0.620831404,0.098691385,181,112.3704841,70.86566432,37.69233948
1m3,金、プラチナなどの貴金属・宝飾品・ブランド時計買取店（査定のみも含む）,名古屋市内,1111,C0015,折込+ポスティング+フリーペーパー+web,4,"折込,ポスティング,フリーペーパー,web",web,0.414755319,0.117775354,216,89.58714897,56.49751247,30.05014403
1m4,ジム、フィットネスクラブ,名古屋市内,1,C0001,折込,1,折込,折込,0.035461505,0.300333704,540,19.14921295,100,100
1m4,ジム、フィットネスクラブ,名古屋市内,10,C0002,ポスティング,1,ポスティング,ポスティング,-0.234347154,0.329254727,592,-138.7335152,100,0
1m4,ジム、フィットネスクラブ,名古屋市内,11,C0003,折込+ポスティング,2,"折込,ポスティング",折込,0.020133347,0.300333704,540,10.8720075,-8.473817899,100
1m4,ジム、フィットネスクラブ,名古屋市内,11,C0003,折込+ポスティング,2,"折込,ポスティング",ポスティング,-0.235089827,0.329254727,592,-139.1731774,108.4738179,0
1m4,ジム、フィットネスクラブ,名古屋市内,100,C0004,フリーペーパー,1,フリーペーパー,フリーペーパー,0.207394938,0.104004449,187,38.78285333,100,100
1m4,ジム、フィットネスクラブ,名古屋市内,101,C0005,折込+フリーペーパー,2,"折込,フリーペーパー",折込,0.03268982,0.300333704,540,17.65250284,31.45544805,31.45544805
1m4,ジム、フィットネスクラブ,名古屋市内,101,C0005,折込+フリーペーパー,2,"折込,フリーペーパー",フリーペーパー,0.205703533,0.104004449,187,38.46656058,68.54455195,68.54455195
1m4,ジム、フィットネスクラブ,名古屋市内,110,C0006,ポスティング+フリーペーパー,2,"ポスティング,フリーペーパー",ポスティング,-0.25362915,0.329254727,592,-150.1484566,156.6362224,0
1m4,ジム、フィットネスクラブ,名古屋市内,110,C0006,ポスティング+フリーペーパー,2,"ポスティング,フリーペーパー",フリーペーパー,0.290322934,0.104004449,187,54.29038861,-56.63622244,100
1m4,ジム、フィットネスクラブ,名古屋市内,111,C0007,折込+ポスティング+フリーペーパー,3,"折込,ポスティング,フリーペーパー",折込,0.018106116,0.300333704,540,9.777302474,-11.36995064,15.24894019
1m4,ジム、フィットネスクラブ,名古屋市内,111,C0007,折込+ポスティング+フリーペーパー,3,"折込,ポスティング,フリーペーパー",ポスティング,-0.253564855,0.329254727,592,-150.1103943,174.5622351,0
1m4,ジム、フィットネスクラブ,名古屋市内,111,C0007,折込+ポスティング+フリーペーパー,3,"折込,ポスティング,フリーペーパー",フリーペーパー,0.29059151,0.104004449,187,54.34061229,-63.19228448,84.75105981
1m4,ジム、フィットネスクラブ,名古屋市内,1000,C0008,web,1,web,web,0.115113735,0.187986652,338,38.90844234,100,100
1m4,ジム、フィットネスクラブ,名古屋市内,1001,C0009,折込+web,2,"折込,web",折込,0.052906244,0.300333704,540,28.56937158,39.6895183,39.6895183
1m4,ジム、フィットネスクラブ,名古屋市内,1001,C0009,折込+web,2,"折込,web",web,0.128440195,0.187986652,338,43.41278593,60.3104817,60.3104817
1m4,ジム、フィットネスクラブ,名古屋市内,1010,C0010,ポスティング+web,2,"ポスティング,web",ポスティング,-0.229875911,0.329254727,592,-136.0865393,122.7356326,0
1m4,ジム、フィットネスクラブ,名古屋市内,1010,C0010,ポスティング+web,2,"ポスティング,web",web,0.074582141,0.187986652,338,25.20876371,-22.73563261,100
1m4,ジム、フィットネスクラブ,名古屋市内,1011,C0011,折込+ポスティング+web,3,"折込,ポスティング,web",折込,0.031314855,0.300333704,540,16.91002172,-18.89630214,37.39583967
1m4,ジム、フィットネスクラブ,名古屋市内,1011,C0011,折込+ポスティング+web,3,"折込,ポスティング,web",ポスティング,-0.227546478,0.329254727,592,-134.7075151,150.530493,0
1m4,ジム、フィットネスクラブ,名古屋市内,1011,C0011,折込+ポスティング+web,3,"折込,ポスティング,web",web,0.08375435,0.187986652,338,28.30897021,-31.63419084,62.60416033
1m4,ジム、フィットネスクラブ,名古屋市内,1100,C0012,フリーペーパー+web,2,"フリーペーパー,web",フリーペーパー,0.201405401,0.104004449,187,37.66280993,50.39190887,50.39190887
1m4,ジム、フィットネスクラブ,名古屋市内,1100,C0012,フリーペーパー+web,2,"フリーペーパー,web",web,0.109695225,0.187986652,338,37.07698615,49.60809113,49.60809113
1m4,ジム、フィットネスクラブ,名古屋市内,1101,C0013,折込+フリーペーパー+web,3,"折込,フリーペーパー,web",折込,0.049837485,0.300333704,540,26.91224176,25.71254345,25.71254345
1m4,ジム、フィットネスクラブ,名古屋市内,1101,C0013,折込+フリーペーパー+web,3,"折込,フリーペーパー,web",フリーペーパー,0.192992026,0.104004449,187,36.08950887,34.48070484,34.48070484
1m4,ジム、フィットネスクラブ,名古屋市内,1101,C0013,折込+フリーペーパー+web,3,"折込,フリーペーパー,web",web,0.123266447,0.187986652,338,41.66405893,39.8067517,39.8067517
1m4,ジム、フィットネスクラブ,名古屋市内,1110,C0014,ポスティング+フリーペーパー+web,3,"ポスティング,フリーペーパー,web",ポスティング,-0.249625403,0.329254727,592,-147.7782387,205.1087846,0
1m4,ジム、フィットネスクラブ,名古屋市内,1110,C0014,ポスティング+フリーペーパー+web,3,"ポスティング,フリーペーパー,web",フリーペーパー,0.287285524,0.104004449,187,53.72239294,-74.56398734,70.93982449
1m4,ジム、フィットネスクラブ,名古屋市内,1110,C0014,ポスティング+フリーペーパー+web,3,"ポスティング,フリーペーパー,web",web,0.065109862,0.187986652,338,22.00713321,-30.54479729,29.06017551
1m4,ジム、フィットネスクラブ,名古屋市内,1111,C0015,折込+ポスティング+フリーペーパー+web,4,"折込,ポスティング,フリーペーパー,web",折込,0.02996592,0.300333704,540,16.18159697,-31.26506866,17.164074
1m4,ジム、フィットネスクラブ,名古屋市内,1111,C0015,折込+ポスティング+フリーペーパー+web,4,"折込,ポスティング,フリーペーパー,web",ポスティング,-0.246675882,0.329254727,592,-146.032122,282.1541242,0
1m4,ジム、フィットネスクラブ,名古屋市内,1111,C0015,折込+ポスティング+フリーペーパー+web,4,"折込,ポスティング,フリーペーパー,web",フリーペーパー,0.281846661,0.104004449,187,52.70532553,-101.8339305,55.90536639
1m4,ジム、フィットネスクラブ,名古屋市内,1111,C0015,折込+ポスティング+フリーペーパー+web,4,"折込,ポスティング,フリーペーパー,web",web,0.07511552,0.187986652,338,25.38904586,-49.05512499,26.93055961
1m5,学習塾(小学生~高校生向け),名古屋市内,1,C0001,折込,1,折込,折込,-0.09398029,0.348818256,428,-40.22356425,100,0
1m5,学習塾(小学生~高校生向け),名古屋市内,10,C0002,ポスティング,1,ポスティング,ポスティング,-0.140740944,0.277098615,340,-47.851921,100,0
1m5,学習塾(小学生~高校生向け),名古屋市内,11,C0003,折込+ポスティング,2,"折込,ポスティング",折込,-0.102389152,0.348818256,428,-43.82255713,45.91032831,0
1m5,学習塾(小学生~高校生向け),名古屋市内,11,C0003,折込+ポスティング,2,"折込,ポスティング",ポスティング,-0.15185278,0.277098615,340,-51.62994505,54.08967169,0
1m5,学習塾(小学生~高校生向け),名古屋市内,100,C0004,フリーペーパー,1,フリーペーパー,フリーペーパー,0.22837025,0.089649552,110,25.12072745,100,100
1m5,学習塾(小学生~高校生向け),名古屋市内,101,C0005,折込+フリーペーパー,2,"折込,フリーペーパー",折込,-0.092711266,0.348818256,428,-39.68042191,267.3652242,0
1m5,学習塾(小学生~高校生向け),名古屋市内,101,C0005,折込+フリーペーパー,2,"折込,フリーペーパー",フリーペーパー,0.22581038,0.089649552,110,24.83914177,-167.3652242,100
1m5,学習塾(小学生~高校生向け),名古屋市内,110,C0006,ポスティング+フリーペーパー,2,"ポスティング,フリーペーパー",ポスティング,-0.164830131,0.277098615,340,-56.04224446,216.8214444,0
1m5,学習塾(小学生~高校生向け),名古屋市内,110,C0006,ポスティング+フリーペーパー,2,"ポスティング,フリーペーパー",フリーペーパー,0.274500521,0.089649552,110,30.19505734,-116.8214444,100
1m5,学習塾(小学生~高校生向け),名古屋市内,111,C0007,折込+ポスティング+フリーペーパー,3,"折込,ポスティング,フリーペーパー",折込,-0.101041041,0.348818256,428,-43.24556564,59.92570844,0
1m5,学習塾(小学生~高校生向け),名古屋市内,111,C0007,折込+ポスティング+フリーペーパー,3,"折込,ポスティング,フリーペーパー",ポスティング,-0.17286158,0.277098615,340,-58.77293703,81.44210481,0
1m5,学習塾(小学生~高校生向け),名古屋市内,111,C0007,折込+ポスティング+フリーペーパー,3,"折込,ポスティング,フリーペーパー",フリーペーパー,0.271392776,0.089649552,110,29.8532054,-41.36781325,100
1m5,学習塾(小学生~高校生向け),名古屋市内,1000,C0008,web,1,web,web,0.669227766,0.150774246,185,123.8071367,100,100
1m5,学習塾(小学生~高校生向け),名古屋市内,1001,C0009,折込+web,2,"折込,web",折込,0.003190005,0.348818256,428,1.365322163,1.087630282,1.087630282
1m5,学習塾(小学生~高校生向け),名古屋市内,1001,C0009,折込+web,2,"折込,web",web,0.671170296,0.150774246,185,124.1665048,98.91236972,98.91236972
1m5,学習塾(小学生~高校生向け),名古屋市内,1010,C0010,ポスティング+web,2,"ポスティング,web",ポスティング,-0.06963591,0.277098615,340,-23.67620952,-24.24086274,0
1m5,学習塾(小学生~高校生向け),名古屋市内,1010,C0010,ポスティング+web,2,"ポスティング,web",web,0.655929,0.150774246,185,121.3468649,124.2408627,100
1m5,学習塾(小学生~高校生向け),名古屋市内,1011,C0011,折込+ポスティング+web,3,"折込,ポスティング,web",折込,-0.001278553,0.348818256,428,-0.547220501,-0.564513815,0
1m5,学習塾(小学生~高校生向け),名古屋市内,1011,C0011,折込+ポスティング+web,3,"折込,ポスティング,web",ポスティング,-0.069889429,0.277098615,340,-23.76240574,-24.51334751,0
1m5,学習塾(小学生~高校生向け),名古屋市内,1011,C0011,折込+ポスティング+web,3,"折込,ポスティング,web",web,0.655385009,0.150774246,185,121.2462267,125.0778613,100
1m5,学習塾(小学生~高校生向け),名古屋市内,1100,C0012,フリーペーパー+web,2,"フリーペーパー,web",フリーペーパー,0.26007374,0.089649552,110,28.60811143,18.63626981,18.63626981
1m5,学習塾(小学生~高校生向け),名古屋市内,1100,C0012,フリーペーパー+web,2,"フリーペーパー,web",web,0.675132977,0.150774246,185,124.8996008,81.36373019,81.36373019
1m5,学習塾(小学生~高校生向け),名古屋市内,1101,C0013,折込+フリーペーパー+web,3,"折込,フリーペーパー,web",折込,0.004068838,0.348818256,428,1.741462636,1.118844823,1.118844823
1m5,学習塾(小学生~高校生向け),名古屋市内,1101,C0013,折込+フリーペーパー+web,3,"折込,フリーペーパー,web",フリーペーパー,0.260315571,0.089649552,110,28.63471284,18.39706437,18.39706437
1m5,学習塾(小学生~高校生向け),名古屋市内,1101,C0013,折込+フリーペーパー+web,3,"折込,フリーペーパー,web",web,0.677146469,0.150774246,185,125.2720968,80.4840908,80.4840908
1m5,学習塾(小学生~高校生向け),名古屋市内,1110,C0014,ポスティング+フリーペーパー+web,3,"ポスティング,フリーペーパー,web",ポスティング,-0.097586951,0.277098615,340,-33.17956349,-27.54650181,0
1m5,学習塾(小学生~高校生向け),名古屋市内,1110,C0014,ポスティング+フリーペーパー+web,3,"ポスティング,フリーペーパー,web",フリーペーパー,0.289982942,0.089649552,110,31.89812359,26.48261841,20.76310839
1m5,学習塾(小学生~高校生向け),名古屋市内,1110,C0014,ポスティング+フリーペーパー+web,3,"ポスティング,フリーペーパー,web",web,0.658003899,0.150774246,185,121.7307214,101.0638834,79.23689161
1m5,学習塾(小学生~高校生向け),名古屋市内,1111,C0015,折込+ポスティング+フリーペーパー+web,4,"折込,ポスティング,フリーペーパー,web",折込,-0.002669776,0.348818256,428,-1.142664077,-0.956476929,0
1m5,学習塾(小学生~高校生向け),名古屋市内,1111,C0015,折込+ポスティング+フリーペーパー+web,4,"折込,ポスティング,フリーペーパー,web",ポスティング,-0.095332515,0.277098615,340,-32.41305516,-27.13163045,0
1m5,学習塾(小学生~高校生向け),名古屋市内,1111,C0015,折込+ポスティング+フリーペーパー+web,4,"折込,ポスティング,フリーペーパー,web",フリーペーパー,0.285632969,0.089649552,110,31.41962659,26.3000724,20.53279804
1m5,学習塾(小学生~高校生向け),名古屋市内,1111,C0015,折込+ポスティング+フリーペーパー+web,4,"折込,ポスティング,フリーペーパー,web",web,0.657308241,0.150774246,185,121.6020245,101.788035,79.46720196
1m6,葬儀会社・葬祭サービス(お葬式の依頼・会員登録・相談など),名古屋市内,1,C0001,折込,1,折込,折込,-0.198535839,0.371346705,648,-128.651224,100,0
1m6,葬儀会社・葬祭サービス(お葬式の依頼・会員登録・相談など),名古屋市内,10,C0002,ポスティング,1,ポスティング,ポスティング,-0.143310797,0.242979943,424,-60.76377773,100,0
1m6,葬儀会社・葬祭サービス(お葬式の依頼・会員登録・相談など),名古屋市内,11,C0003,折込+ポスティング,2,"折込,ポスティング",折込,-0.20246209,0.371346705,648,-131.1954344,66.07685288,0
1m6,葬儀会社・葬祭サービス(お葬式の依頼・会員登録・相談など),名古屋市内,11,C0003,折込+ポスティング,2,"折込,ポスティング",ポスティング,-0.158854547,0.242979943,424,-67.354328,33.92314712,0
1m6,葬儀会社・葬祭サービス(お葬式の依頼・会員登録・相談など),名古屋市内,100,C0004,フリーペーパー,1,フリーペーパー,フリーペーパー,0.570521013,0.078510029,137,78.1613788,100,100
1m6,葬儀会社・葬祭サービス(お葬式の依頼・会員登録・相談など),名古屋市内,101,C0005,折込+フリーペーパー,2,"折込,フリーペーパー",折込,-0.202999333,0.371346705,648,-131.5435677,249.5641884,0
1m6,葬儀会社・葬祭サービス(お葬式の依頼・会員登録・相談など),名古屋市内,101,C0005,折込+フリーペーパー,2,"折込,フリーペーパー",フリーペーパー,0.575432521,0.078510029,137,78.83425531,-149.5641884,100
1m6,葬儀会社・葬祭サービス(お葬式の依頼・会員登録・相談など),名古屋市内,110,C0006,ポスティング+フリーペーパー,2,"ポスティング,フリーペーパー",ポスティング,-0.219034508,0.242979943,424,-92.87063143,1481.303211,0
1m6,葬儀会社・葬祭サービス(お葬式の依頼・会員登録・相談など),名古屋市内,110,C0006,ポスティング+フリーペーパー,2,"ポスティング,フリーペーパー",フリーペーパー,0.632124886,0.078510029,137,86.60110938,-1381.303211,100
1m6,葬儀会社・葬祭サービス(お葬式の依頼・会員登録・相談など),名古屋市内,111,C0007,折込+ポスティング+フリーペーパー,3,"折込,ポスティング,フリーペーパー",折込,-0.207244295,0.371346705,648,-134.294303,94.35067145,0
1m6,葬儀会社・葬祭サービス(お葬式の依頼・会員登録・相談など),名古屋市内,111,C0007,折込+ポスティング+フリーペーパー,3,"折込,ポスティング,フリーペーパー",ポスティング,-0.22401585,0.242979943,424,-94.98272041,66.7316725,0
1m6,葬儀会社・葬祭サービス(お葬式の依頼・会員登録・相談など),名古屋市内,111,C0007,折込+ポスティング+フリーペーパー,3,"折込,ポスティング,フリーペーパー",フリーペーパー,0.634611184,0.078510029,137,86.94173217,-61.08234395,100
1m6,葬儀会社・葬祭サービス(お葬式の依頼・会員登録・相談など),名古屋市内,1000,C0008,web,1,web,web,1.161780776,0.100859599,176,204.4734166,100,100
1m6,葬儀会社・葬祭サービス(お葬式の依頼・会員登録・相談など),名古屋市内,1001,C0009,折込+web,2,"折込,web",折込,-0.06866575,0.371346705,648,-44.49540579,-28.69315434,0
1m6,葬儀会社・葬祭サービス(お葬式の依頼・会員登録・相談など),名古屋市内,1001,C0009,折込+web,2,"折込,web",web,1.133912794,0.100859599,176,199.5686517,128.6931543,100
1m6,葬儀会社・葬祭サービス(お葬式の依頼・会員登録・相談など),名古屋市内,1010,C0010,ポスティング+web,2,"ポスティング,web",ポスティング,-0.038101795,0.242979943,424,-16.15516113,-8.629702789,0
1m6,葬儀会社・葬祭サービス(お葬式の依頼・会員登録・相談など),名古屋市内,1010,C0010,ポスティング+web,2,"ポスティング,web",web,1.15545059,0.100859599,176,203.3593039,108.6297028,100
1m6,葬儀会社・葬祭サービス(お葬式の依頼・会員登録・相談など),名古屋市内,1011,C0011,折込+ポスティング+web,3,"折込,ポスティング,web",折込,-0.070055385,0.371346705,648,-45.39588977,-33.92985187,0
1m6,葬儀会社・葬祭サービス(お葬式の依頼・会員登録・相談など),名古屋市内,1011,C0011,折込+ポスティング+web,3,"折込,ポスティング,web",ポスティング,-0.044819692,0.242979943,424,-19.00354961,-14.20365646,0
1m6,葬儀会社・葬祭サービス(お葬式の依頼・会員登録・相談など),名古屋市内,1011,C0011,折込+ポスティング+web,3,"折込,ポスティング,web",web,1.126095466,0.100859599,176,198.192802,148.1335083,100
1m6,葬儀会社・葬祭サービス(お葬式の依頼・会員登録・相談など),名古屋市内,1100,C0012,フリーペーパー+web,2,"フリーペーパー,web",フリーペーパー,0.631885865,0.078510029,137,86.56836345,29.29741231,29.29741231
1m6,葬儀会社・葬祭サービス(お葬式の依頼・会員登録・相談など),名古屋市内,1100,C0012,フリーペーパー+web,2,"フリーペーパー,web",web,1.187005102,0.100859599,176,208.9128979,70.70258769,70.70258769
1m6,葬儀会社・葬祭サービス(お葬式の依頼・会員登録・相談など),名古屋市内,1101,C0013,折込+フリーペーパー+web,3,"折込,フリーペーパー,web",折込,-0.076341214,0.371346705,648,-49.46910658,-20.51880037,0
1m6,葬儀会社・葬祭サービス(お葬式の依頼・会員登録・相談など),名古屋市内,1101,C0013,折込+フリーペーパー+web,3,"折込,フリーペーパー,web",フリーペーパー,0.633673292,0.078510029,137,86.81324106,36.00840375,29.87783121
1m6,葬儀会社・葬祭サービス(お葬式の依頼・会員登録・相談など),名古屋市内,1101,C0013,折込+フリーペーパー+web,3,"折込,フリーペーパー,web",web,1.157656122,0.100859599,176,203.7474775,84.51039662,70.12216879
1m6,葬儀会社・葬祭サービス(お葬式の依頼・会員登録・相談など),名古屋市内,1110,C0014,ポスティング+フリーペーパー+web,3,"ポスティング,フリーペーパー,web",ポスティング,-0.12410625,0.242979943,424,-52.62104987,-21.50929986,0
1m6,葬儀会社・葬祭サービス(お葬式の依頼・会員登録・相談など),名古屋市内,1110,C0014,ポスティング+フリーペーパー+web,3,"ポスティング,フリーペーパー,web",フリーペーパー,0.668005733,0.078510029,137,91.51678542,37.40826123,30.78633592
1m6,葬儀会社・葬祭サービス(お葬式の依頼・会員登録・相談など),名古屋市内,1110,C0014,ポスティング+フリーペーパー+web,3,"ポスティング,フリーペーパー,web",web,1.169019959,0.100859599,176,205.7475128,84.10103863,69.21366408
1m6,葬儀会社・葬祭サービス(お葬式の依頼・会員登録・相談など),名古屋市内,1111,C0015,折込+ポスティング+フリーペーパー+web,4,"折込,ポスティング,フリーペーパー,web",折込,-0.078113828,0.371346705,648,-50.61776076,-26.93209196,0
1m6,葬儀会社・葬祭サービス(お葬式の依頼・会員登録・相談など),名古屋市内,1111,C0015,折込+ポスティング+フリーペーパー+web,4,"折込,ポスティング,フリーペーパー,web",ポスティング,-0.12629364,0.242979943,424,-53.54850341,-28.49144641,0
1m6,葬儀会社・葬祭サービス(お葬式の依頼・会員登録・相談など),名古屋市内,1111,C0015,折込+ポスティング+フリーペーパー+web,4,"折込,ポスティング,フリーペーパー,web",フリーペーパー,0.670933452,0.078510029,137,91.91788287,48.90656633,31.46664067
1m6,葬儀会社・葬祭サービス(お葬式の依頼・会員登録・相談など),名古屋市内,1111,C0015,折込+ポスティング+フリーペーパー+web,4,"折込,ポスティング,フリーペーパー,web",web,1.137467468,0.100859599,176,200.1942744,106.516972,68.53335933
1m7,弁護士・司法書士（法律の相談・手続き・書類作成など),名古屋市内,1,C0001,折込,1,折込,折込,0.028846273,0.176860722,240,6.923105611,100,100
1m7,弁護士・司法書士（法律の相談・手続き・書類作成など),名古屋市内,10,C0002,ポスティング,1,ポスティング,ポスティング,0.299604101,0.123802506,168,50.33348898,100,100
1m7,弁護士・司法書士（法律の相談・手続き・書類作成など),名古屋市内,11,C0003,折込+ポスティング,2,"折込,ポスティング",折込,0.014944475,0.176860722,240,3.586674048,6.743350866,6.743350866
1m7,弁護士・司法書士（法律の相談・手続き・書類作成など),名古屋市内,11,C0003,折込+ポスティング,2,"折込,ポスティング",ポスティング,0.295247805,0.123802506,168,49.60163128,93.25664913,93.25664913
1m7,弁護士・司法書士（法律の相談・手続き・書類作成など),名古屋市内,100,C0004,フリーペーパー,1,フリーペーパー,フリーペーパー,0.760936371,0.070744289,96,73.0498916,100,100
1m7,弁護士・司法書士（法律の相談・手続き・書類作成など),名古屋市内,101,C0005,折込+フリーペーパー,2,"折込,フリーペーパー",折込,-0.010404198,0.176860722,240,-2.497007543,-3.541658395,0
1m7,弁護士・司法書士（法律の相談・手続き・書類作成など),名古屋市内,101,C0005,折込+フリーペーパー,2,"折込,フリーペーパー",フリーペーパー,0.760426194,0.070744289,96,73.0009146,103.5416584,100
1m7,弁護士・司法書士（法律の相談・手続き・書類作成など),名古屋市内,110,C0006,ポスティング+フリーペーパー,2,"ポスティング,フリーペーパー",ポスティング,0.219851501,0.123802506,168,36.93505213,34.73778274,34.73778274
1m7,弁護士・司法書士（法律の相談・手続き・書類作成など),名古屋市内,110,C0006,ポスティング+フリーペーパー,2,"ポスティング,フリーペーパー",フリーペーパー,0.722815095,0.070744289,96,69.39024908,65.26221726,65.26221726
1m7,弁護士・司法書士（法律の相談・手続き・書類作成など),名古屋市内,111,C0007,折込+ポスティング+フリーペーパー,3,"折込,ポスティング,フリーペーパー",折込,-0.028187816,0.176860722,240,-6.765075897,-6.747932543,0
1m7,弁護士・司法書士（法律の相談・手続き・書類作成など),名古屋市内,111,C0007,折込+ポスティング+フリーペーパー,3,"折込,ポスティング,フリーペーパー",ポスティング,0.222566292,0.123802506,168,37.391137,37.29638426,34.93874155
1m7,弁護士・司法書士（法律の相談・手続き・書類作成など),名古屋市内,111,C0007,折込+ポスティング+フリーペーパー,3,"折込,ポスティング,フリーペーパー",フリーペーパー,0.725291587,0.070744289,96,69.62799232,69.45154828,65.06125845
1m7,弁護士・司法書士（法律の相談・手続き・書類作成など),名古屋市内,1000,C0008,web,1,web,web,0.284292947,0.179808401,244,69.36747914,100,100
1m7,弁護士・司法書士（法律の相談・手続き・書類作成など),名古屋市内,1001,C0009,折込+web,2,"折込,web",折込,0.083587752,0.176860722,240,20.06106052,21.81240299,21.81240299
1m7,弁護士・司法書士（法律の相談・手続き・書類作成など),名古屋市内,1001,C0009,折込+web,2,"折込,web",web,0.294712404,0.179808401,244,71.90982654,78.18759701,78.18759701
1m7,弁護士・司法書士（法律の相談・手続き・書類作成など),名古屋市内,1010,C0010,ポスティング+web,2,"ポスティング,web",ポスティング,0.334953305,0.123802506,168,56.2721552,42.75296603,42.75296603
1m7,弁護士・司法書士（法律の相談・手続き・書類作成など),名古屋市内,1010,C0010,ポスティング+web,2,"ポスティング,web",web,0.308809366,0.179808401,244,75.34948519,57.24703397,57.24703397
1m7,弁護士・司法書士（法律の相談・手続き・書類作成など),名古屋市内,1011,C0011,折込+ポスティング+web,3,"折込,ポスティング,web",折込,0.066122454,0.176860722,240,15.86938901,10.72003339,10.72003339
1m7,弁護士・司法書士（法律の相談・手続き・書類作成など),名古屋市内,1011,C0011,折込+ポスティング+web,3,"折込,ポスティング,web",ポスティング,0.331359674,0.123802506,168,55.66842515,37.60493714,37.60493714
1m7,弁護士・司法書士（法律の相談・手続き・書類作成など),名古屋市内,1011,C0011,折込+ポスティング+web,3,"折込,ポスティング,web",web,0.313512582,0.179808401,244,76.49707004,51.67502947,51.67502947
1m7,弁護士・司法書士（法律の相談・手続き・書類作成など),名古屋市内,1100,C0012,フリーペーパー+web,2,"フリーペーパー,web",フリーペーパー,0.79684533,0.070744289,96,76.49715171,49.91929985,49.91929985
1m7,弁護士・司法書士（法律の相談・手続き・書類作成など),名古屋市内,1100,C0012,フリーペーパー+web,2,"フリーペーパー,web",web,0.314526574,0.179808401,244,76.74448416,50.08070015,50.08070015
1m7,弁護士・司法書士（法律の相談・手続き・書類作成など),名古屋市内,1101,C0013,折込+フリーペーパー+web,3,"折込,フリーペーパー,web",折込,0.043397375,0.176860722,240,10.41537002,6.329443505,6.329443505
1m7,弁護士・司法書士（法律の相談・手続き・書類作成など),名古屋市内,1101,C0013,折込+フリーペーパー+web,3,"折込,フリーペーパー,web",フリーペーパー,0.79201508,0.070744289,96,76.03344769,46.20569509,46.20569509
1m7,弁護士・司法書士（法律の相談・手続き・書類作成など),名古屋市内,1101,C0013,折込+フリーペーパー+web,3,"折込,フリーペーパー,web",web,0.320104343,0.179808401,244,78.1054597,47.4648614,47.4648614
1m7,弁護士・司法書士（法律の相談・手続き・書類作成など),名古屋市内,1110,C0014,ポスティング+フリーペーパー+web,3,"ポスティング,フリーペーパー,web",ポスティング,0.255891505,0.123802506,168,42.98977281,22.02167603,22.02167603
1m7,弁護士・司法書士（法律の相談・手続き・書類作成など),名古屋市内,1110,C0014,ポスティング+フリーペーパー+web,3,"ポスティング,フリーペーパー,web",フリーペーパー,0.75061367,0.070744289,96,72.05891235,36.91245427,36.91245427
1m7,弁護士・司法書士（法律の相談・手続き・書類作成など),名古屋市内,1110,C0014,ポスティング+フリーペーパー+web,3,"ポスティング,フリーペーパー,web",web,0.32855341,0.179808401,244,80.16703204,41.06586969,41.06586969
1m7,弁護士・司法書士（法律の相談・手続き・書類作成など),名古屋市内,1111,C0015,折込+ポスティング+フリーペーパー+web,4,"折込,ポスティング,フリーペーパー,web",折込,0.026126135,0.176860722,240,6.270272344,3.109740902,3.109740902
1m7,弁護士・司法書士（法律の相談・手続き・書類作成など),名古屋市内,1111,C0015,折込+ポスティング+フリーペーパー+web,4,"折込,ポスティング,フリーペーパー,web",ポスティング,0.252801437,0.123802506,168,42.47064136,21.06331007,21.06331007
1m7,弁護士・司法書士（法律の相談・手続き・書類作成など),名古屋市内,1111,C0015,折込+ポスティング+フリーペーパー+web,4,"折込,ポスティング,フリーペーパー,web",フリーペーパー,0.750990439,0.070744289,96,72.09508215,35.75554833,35.75554833
1m7,弁護士・司法書士（法律の相談・手続き・書類作成など),名古屋市内,1111,C0015,折込+ポスティング+フリーペーパー+web,4,"折込,ポスティング,フリーペーパー,web",web,0.331136379,0.179808401,244,80.79727652,40.0714007,40.0714007
1m8,ファイナンシャルプランナー（資産運営・保険・お金の相談など）,名古屋市内,1,C0001,折込,1,折込,折込,-0.134868767,0.20119863,235,-31.69416016,100,0
1m8,ファイナンシャルプランナー（資産運営・保険・お金の相談など）,名古屋市内,10,C0002,ポスティング,1,ポスティング,ポスティング,0.23207835,0.13869863,162,37.59669273,100,100
1m8,ファイナンシャルプランナー（資産運営・保険・お金の相談など）,名古屋市内,11,C0003,折込+ポスティング,2,"折込,ポスティング",折込,-0.154013253,0.20119863,235,-36.19311434,-808.8766487,0
1m8,ファイナンシャルプランナー（資産運営・保険・お金の相談など）,名古屋市内,11,C0003,折込+ポスティング,2,"折込,ポスティング",ポスティング,0.251034602,0.13869863,162,40.66760552,908.8766487,100
1m8,ファイナンシャルプランナー（資産運営・保険・お金の相談など）,名古屋市内,100,C0004,フリーペーパー,1,フリーペーパー,フリーペーパー,0.499094417,0.082191781,96,47.91306405,100,100
1m8,ファイナンシャルプランナー（資産運営・保険・お金の相談など）,名古屋市内,101,C0005,折込+フリーペーパー,2,"折込,フリーペーパー",折込,-0.147035863,0.20119863,235,-34.55342783,-243.9003742,0
1m8,ファイナンシャルプランナー（資産運営・保険・お金の相談など）,名古屋市内,101,C0005,折込+フリーペーパー,2,"折込,フリーペーパー",フリーペーパー,0.507504721,0.082191781,96,48.72045318,343.9003742,100
1m8,ファイナンシャルプランナー（資産運営・保険・お金の相談など）,名古屋市内,110,C0006,ポスティング+フリーペーパー,2,"ポスティング,フリーペーパー",ポスティング,0.176268117,0.13869863,162,28.55543503,39.06273224,39.06273224
1m8,ファイナンシャルプランナー（資産運営・保険・お金の相談など）,名古屋市内,110,C0006,ポスティング+フリーペーパー,2,"ポスティング,フリーペーパー",フリーペーパー,0.464021292,0.082191781,96,44.54604403,60.93726776,60.93726776
1m8,ファイナンシャルプランナー（資産運営・保険・お金の相談など）,名古屋市内,111,C0007,折込+ポスティング+フリーペーパー,3,"折込,ポスティング,フリーペーパー",折込,-0.168606957,0.20119863,235,-39.62263485,-103.9324621,0
1m8,ファイナンシャルプランナー（資産運営・保険・お金の相談など）,名古屋市内,111,C0007,折込+ポスティング+フリーペーパー,3,"折込,ポスティング,フリーペーパー",ポスティング,0.200452497,0.13869863,162,32.47330458,85.17935546,41.7684142
1m8,ファイナンシャルプランナー（資産運営・保険・お金の相談など）,名古屋市内,111,C0007,折込+ポスティング+フリーペーパー,3,"折込,ポスティング,フリーペーパー",フリーペーパー,0.471591407,0.082191781,96,45.27277509,118.7531067,58.2315858
1m8,ファイナンシャルプランナー（資産運営・保険・お金の相談など）,名古屋市内,1000,C0008,web,1,web,web,0.228293916,0.233732877,273,62.32423897,100,100
1m8,ファイナンシャルプランナー（資産運営・保険・お金の相談など）,名古屋市内,1001,C0009,折込+web,2,"折込,web",折込,-0.093482906,0.20119863,235,-21.96848283,-61.69142979,0
1m8,ファイナンシャルプランナー（資産運営・保険・お金の相談など）,名古屋市内,1001,C0009,折込+web,2,"折込,web",web,0.210911171,0.233732877,273,57.57874976,161.6914298,100
1m8,ファイナンシャルプランナー（資産運営・保険・お金の相談など）,名古屋市内,1010,C0010,ポスティング+web,2,"ポスティング,web",ポスティング,0.285858855,0.13869863,162,46.30913459,38.8999106,38.8999106
1m8,ファイナンシャルプランナー（資産運営・保険・お金の相談など）,名古屋市内,1010,C0010,ポスティング+web,2,"ポスティング,web",web,0.266438672,0.233732877,273,72.73775748,61.1000894,61.1000894
1m8,ファイナンシャルプランナー（資産運営・保険・お金の相談など）,名古屋市内,1011,C0011,折込+ポスティング+web,3,"折込,ポスティング,web",折込,-0.114813576,0.20119863,235,-26.98119044,-30.06952818,0
1m8,ファイナンシャルプランナー（資産運営・保険・お金の相談など）,名古屋市内,1011,C0011,折込+ポスティング+web,3,"折込,ポスティング,web",ポスティング,0.298978633,0.13869863,162,48.43453861,53.97848279,41.49971445
1m8,ファイナンシャルプランナー（資産運営・保険・お金の相談など）,名古屋市内,1011,C0011,折込+ポスティング+web,3,"折込,ポスティング,web",web,0.250095224,0.233732877,273,68.27599603,76.09104539,58.50028555
1m8,ファイナンシャルプランナー（資産運営・保険・お金の相談など）,名古屋市内,1100,C0012,フリーペーパー+web,2,"フリーペーパー,web",フリーペーパー,0.535336935,0.082191781,96,51.3923458,41.99399647,41.99399647
1m8,ファイナンシャルプランナー（資産運営・保険・お金の相談など）,名古屋市内,1100,C0012,フリーペーパー+web,2,"フリーペーパー,web",web,0.260028848,0.233732877,273,70.98787546,58.00600353,58.00600353
1m8,ファイナンシャルプランナー（資産運営・保険・お金の相談など）,名古屋市内,1101,C0013,折込+フリーペーパー+web,3,"折込,フリーペーパー,web",折込,-0.103837124,0.20119863,235,-24.40172422,-26.10375044,0
1m8,ファイナンシャルプランナー（資産運営・保険・お金の相談など）,名古屋市内,1101,C0013,折込+フリーペーパー+web,3,"折込,フリーペーパー,web",フリーペーパー,0.539589904,0.082191781,96,51.80063074,55.41373738,43.94297329
1m8,ファイナンシャルプランナー（資産運営・保険・お金の相談など）,名古屋市内,1101,C0013,折込+フリーペーパー+web,3,"折込,フリーペーパー,web",web,0.242054422,0.233732877,273,66.08085715,70.69001306,56.05702671
1m8,ファイナンシャルプランナー（資産運営・保険・お金の相談など）,名古屋市内,1110,C0014,ポスティング+フリーペーパー+web,3,"ポスティング,フリーペーパー,web",ポスティング,0.227887661,0.13869863,162,36.91780114,22.78727091,22.78727091
1m8,ファイナンシャルプランナー（資産運営・保険・お金の相談など）,名古屋市内,1110,C0014,ポスティング+フリーペーパー+web,3,"ポスティング,フリーペーパー,web",フリーペーパー,0.491660565,0.082191781,96,47.19941426,29.13352925,29.13352925
1m8,ファイナンシャルプランナー（資産運営・保険・お金の相談など）,名古屋市内,1110,C0014,ポスティング+フリーペーパー+web,3,"ポスティング,フリーペーパー,web",web,0.285323863,0.233732877,273,77.89341452,48.07919984,48.07919984
1m8,ファイナンシャルプランナー（資産運営・保険・お金の相談など）,名古屋市内,1111,C0015,折込+ポスティング+フリーペーパー+web,4,"折込,ポスティング,フリーペーパー,web",折込,-0.12598789,0.20119863,235,-29.60715416,-22.71618983,0
1m8,ファイナンシャルプランナー（資産運営・保険・お金の相談など）,名古屋市内,1111,C0015,折込+ポスティング+フリーペーパー+web,4,"折込,ポスティング,フリーペーパー,web",ポスティング,0.242518844,0.13869863,162,39.2880528,30.14389227,24.56390824
1m8,ファイナンシャルプランナー（資産運営・保険・お金の相談など）,名古屋市内,1111,C0015,折込+ポスティング+フリーペーパー+web,4,"折込,ポスティング,フリーペーパー,web",フリーペーパー,0.498831105,0.082191781,96,47.8877861,36.74206692,29.94068425
1m8,ファイナンシャルプランナー（資産運営・保険・お金の相談など）,名古屋市内,1111,C0015,折込+ポスティング+フリーペーパー+web,4,"折込,ポスティング,フリーペーパー,web",web,0.266543411,0.233732877,273,72.76635113,55.83023064,45.49540751
2m1,宅配ピザ・宅配寿司,名古屋市外,1,C0001,折込,1,折込,折込,0.130395807,0.421165152,1576,205.5037924,100,100
2m1,宅配ピザ・宅配寿司,名古屋市外,10,C0002,ポスティング,1,ポスティング,ポスティング,0.09196845,0.472207376,1767,162.5082511,100,100
2m1,宅配ピザ・宅配寿司,名古屋市外,11,C0003,折込+ポスティング,2,"折込,ポスティング",折込,0.144227578,0.421165152,1576,227.3026625,54.46719674,54.46719674
2m1,宅配ピザ・宅配寿司,名古屋市外,11,C0003,折込+ポスティング,2,"折込,ポスティング",ポスティング,0.107536857,0.472207376,1767,190.0176259,45.53280326,45.53280326
2m1,宅配ピザ・宅配寿司,名古屋市外,100,C0004,フリーペーパー,1,フリーペーパー,フリーペーパー,0.325382336,0.121859968,456,148.374345,100,100
2m1,宅配ピザ・宅配寿司,名古屋市外,101,C0005,折込+フリーペーパー,2,"折込,フリーペーパー",折込,0.120227408,0.421165152,1576,189.4783956,57.38012306,57.38012306
2m1,宅配ピザ・宅配寿司,名古屋市外,101,C0005,折込+フリーペーパー,2,"折込,フリーペーパー",フリーペーパー,0.308635283,0.121859968,456,140.7376889,42.61987694,42.61987694
2m1,宅配ピザ・宅配寿司,名古屋市外,110,C0006,ポスティング+フリーペーパー,2,"ポスティング,フリーペーパー",ポスティング,0.069559215,0.472207376,1767,122.9111321,47.46535852,47.46535852
2m1,宅配ピザ・宅配寿司,名古屋市外,110,C0006,ポスティング+フリーペーパー,2,"ポスティング,フリーペーパー",フリーペーパー,0.298328939,0.121859968,456,136.0379961,52.53464148,52.53464148
2m1,宅配ピザ・宅配寿司,名古屋市外,111,C0007,折込+ポスティング+フリーペーパー,3,"折込,ポスティング,フリーペーパー",折込,0.132261815,0.421165152,1576,208.4446203,43.20940991,43.20940991
2m1,宅配ピザ・宅配寿司,名古屋市外,111,C0007,折込+ポスティング+フリーペーパー,3,"折込,ポスティング,フリーペーパー",ポスティング,0.085449219,0.472207376,1767,150.9887702,31.29913189,31.29913189
2m1,宅配ピザ・宅配寿司,名古屋市外,111,C0007,折込+ポスティング+フリーペーパー,3,"折込,ポスティング,フリーペーパー",フリーペーパー,0.269675934,0.121859968,456,122.9722261,25.4914582,25.4914582
2m1,宅配ピザ・宅配寿司,名古屋市外,1000,C0008,web,1,web,web,0.215480388,0.17049706,638,137.4764877,100,100
2m1,宅配ピザ・宅配寿司,名古屋市外,1001,C0009,折込+web,2,"折込,web",折込,0.145526188,0.421165152,1576,229.349272,59.9451252,59.9451252
2m1,宅配ピザ・宅配寿司,名古屋市外,1001,C0009,折込+web,2,"折込,web",web,0.240202871,0.17049706,638,153.2494318,40.0548748,40.0548748
2m1,宅配ピザ・宅配寿司,名古屋市外,1010,C0010,ポスティング+web,2,"ポスティング,web",ポスティング,0.096069969,0.472207376,1767,169.7556357,54.54793629,54.54793629
2m1,宅配ピザ・宅配寿司,名古屋市外,1010,C0010,ポスティング+web,2,"ポスティング,web",web,0.221706693,0.17049706,638,141.4488704,45.45206371,45.45206371
2m1,宅配ピザ・宅配寿司,名古屋市外,1011,C0011,折込+ポスティング+web,3,"折込,ポスティング,web",折込,0.159641915,0.421165152,1576,251.5956575,41.33876999,41.33876999
2m1,宅配ピザ・宅配寿司,名古屋市外,1011,C0011,折込+ポスティング+web,3,"折込,ポスティング,web",ポスティング,0.112589184,0.472207376,1767,198.9450884,32.68794595,32.68794595
2m1,宅配ピザ・宅配寿司,名古屋市外,1011,C0011,折込+ポスティング+web,3,"折込,ポスティング,web",web,0.247771744,0.17049706,638,158.0783725,25.97328406,25.97328406
2m1,宅配ピザ・宅配寿司,名古屋市外,1100,C0012,フリーペーパー+web,2,"フリーペーパー,web",フリーペーパー,0.291688885,0.121859968,456,133.0101316,52.52947132,52.52947132
2m1,宅配ピザ・宅配寿司,名古屋市外,1100,C0012,フリーペーパー+web,2,"フリーペーパー,web",web,0.188401815,0.17049706,638,120.2003582,47.47052868,47.47052868
2m1,宅配ピザ・宅配寿司,名古屋市外,1101,C0013,折込+フリーペーパー+web,3,"折込,フリーペーパー,web",折込,0.1342364,0.421165152,1576,211.556566,45.07996679,45.07996679
2m1,宅配ピザ・宅配寿司,名古屋市外,1101,C0013,折込+フリーペーパー+web,3,"折込,フリーペーパー,web",フリーペーパー,0.269691105,0.121859968,456,122.9791437,26.20526423,26.20526423
2m1,宅配ピザ・宅配寿司,名古屋市外,1101,C0013,折込+フリーペーパー+web,3,"折込,フリーペーパー,web",web,0.211216367,0.17049706,638,134.7560424,28.71476898,28.71476898
2m1,宅配ピザ・宅配寿司,名古屋市外,1110,C0014,ポスティング+フリーペーパー+web,3,"ポスティング,フリーペーパー,web",ポスティング,0.075263113,0.472207376,1767,132.989921,35.30149478,35.30149478
2m1,宅配ピザ・宅配寿司,名古屋市外,1110,C0014,ポスティング+フリーペーパー+web,3,"ポスティング,フリーペーパー,web",フリーペーパー,0.262451663,0.121859968,456,119.6779583,31.76790233,31.76790233
2m1,宅配ピザ・宅配寿司,名古屋市外,1110,C0014,ポスティング+フリーペーパー+web,3,"ポスティング,フリーペーパー,web",web,0.194448517,0.17049706,638,124.058154,32.93060289,32.93060289
2m1,宅配ピザ・宅配寿司,名古屋市外,1111,C0015,折込+ポスティング+フリーペーパー+web,4,"折込,ポスティング,フリーペーパー,web",折込,0.146388197,0.421165152,1576,230.7077982,36.11582871,36.11582871
2m1,宅配ピザ・宅配寿司,名古屋市外,1111,C0015,折込+ポスティング+フリーペーパー+web,4,"折込,ポスティング,フリーペーパー,web",ポスティング,0.091758359,0.472207376,1767,162.1370209,25.38151255,25.38151255
2m1,宅配ピザ・宅配寿司,名古屋市外,1111,C0015,折込+ポスティング+フリーペーパー+web,4,"折込,ポスティング,フリーペーパー,web",フリーペーパー,0.229988536,0.121859968,456,104.8747723,16.41747416,16.41747416
2m1,宅配ピザ・宅配寿司,名古屋市外,1111,C0015,折込+ポスティング+フリーペーパー+web,4,"折込,ポスティング,フリーペーパー,web",web,0.221128665,0.17049706,638,141.0800884,22.08518458,22.08518458
2m2,リサイクルショップ・中古品買取店（例：服・家具・家電などの持ち込み買取・査定）,名古屋市外,1,C0001,折込,1,折込,折込,-0.011487077,0.385796545,1206,-13.85341446,100,0
2m2,リサイクルショップ・中古品買取店（例：服・家具・家電などの持ち込み買取・査定）,名古屋市外,10,C0002,ポスティング,1,ポスティング,ポスティング,0.111442952,0.347408829,1086,121.0270464,100,100
2m2,リサイクルショップ・中古品買取店（例：服・家具・家電などの持ち込み買取・査定）,名古屋市外,11,C0003,折込+ポスティング,2,"折込,ポスティング",折込,0.002223031,0.385796545,1206,2.680975115,2.156159997,2.156159997
2m2,リサイクルショップ・中古品買取店（例：服・家具・家電などの持ち込み買取・査定）,名古屋市外,11,C0003,折込+ポスティング,2,"折込,ポスティング",ポスティング,0.112025131,0.347408829,1086,121.6592927,97.84384,97.84384
2m2,リサイクルショップ・中古品買取店（例：服・家具・家電などの持ち込み買取・査定）,名古屋市外,100,C0004,フリーペーパー,1,フリーペーパー,フリーペーパー,0.429560275,0.105246321,329,141.3253304,100,100
2m2,リサイクルショップ・中古品買取店（例：服・家具・家電などの持ち込み買取・査定）,名古屋市外,101,C0005,折込+フリーペーパー,2,"折込,フリーペーパー",折込,-0.015796705,0.385796545,1206,-19.05082564,-15.58110058,0
2m2,リサイクルショップ・中古品買取店（例：服・家具・家電などの持ち込み買取・査定）,名古屋市外,101,C0005,折込+フリーペーパー,2,"折込,フリーペーパー",フリーペーパー,0.429542953,0.105246321,329,141.3196317,115.5811006,100
2m2,リサイクルショップ・中古品買取店（例：服・家具・家電などの持ち込み買取・査定）,名古屋市外,110,C0006,ポスティング+フリーペーパー,2,"ポスティング,フリーペーパー",ポスティング,0.071762197,0.347408829,1086,77.93374595,37.13575904,37.13575904
2m2,リサイクルショップ・中古品買取店（例：服・家具・家電などの持ち込み買取・査定）,名古屋市外,110,C0006,ポスティング+フリーペーパー,2,"ポスティング,フリーペーパー",フリーペーパー,0.400996909,0.105246321,329,131.9279829,62.86424096,62.86424096
2m2,リサイクルショップ・中古品買取店（例：服・家具・家電などの持ち込み買取・査定）,名古屋市外,111,C0007,折込+ポスティング+フリーペーパー,3,"折込,ポスティング,フリーペーパー",折込,-0.007130459,0.385796545,1206,-8.599333705,-4.309274668,0
2m2,リサイクルショップ・中古品買取店（例：服・家具・家電などの持ち込み買取・査定）,名古屋市外,111,C0007,折込+ポスティング+フリーペーパー,3,"折込,ポスティング,フリーペーパー",ポスティング,0.070290668,0.347408829,1086,76.33566598,38.25312087,36.67278964
2m2,リサイクルショップ・中古品買取店（例：服・家具・家電などの持ち込み買取・査定）,名古屋市外,111,C0007,折込+ポスティング+フリーペーパー,3,"折込,ポスティング,フリーペーパー",フリーペーパー,0.400661867,0.105246321,329,131.8177544,66.0561538,63.32721036
2m2,リサイクルショップ・中古品買取店（例：服・家具・家電などの持ち込み買取・査定）,名古屋市外,1000,C0008,web,1,web,web,0.404438502,0.094689699,296,119.7137966,100,100
2m2,リサイクルショップ・中古品買取店（例：服・家具・家電などの持ち込み買取・査定）,名古屋市外,1001,C0009,折込+web,2,"折込,web",折込,0.013670963,0.385796545,1206,16.4871811,11.99775538,11.99775538
2m2,リサイクルショップ・中古品買取店（例：服・家具・家電などの持ち込み買取・査定）,名古屋市外,1001,C0009,折込+web,2,"折込,web",web,0.408553038,0.094689699,296,120.9316992,88.00224462,88.00224462
2m2,リサイクルショップ・中古品買取店（例：服・家具・家電などの持ち込み買取・査定）,名古屋市外,1010,C0010,ポスティング+web,2,"ポスティング,web",ポスティング,0.124701711,0.347408829,1086,135.4260581,52.08588075,52.08588075
2m2,リサイクルショップ・中古品買取店（例：服・家具・家電などの持ち込み買取・査定）,名古屋市外,1010,C0010,ポスティング+web,2,"ポスティング,web",web,0.420875867,0.094689699,296,124.5792565,47.91411925,47.91411925
2m2,リサイクルショップ・中古品買取店（例：服・家具・家電などの持ち込み買取・査定）,名古屋市外,1011,C0011,折込+ポスティング+web,3,"折込,ポスティング,web",折込,0.029533094,0.385796545,1206,35.61691137,11.8231512,11.8231512
2m2,リサイクルショップ・中古品買取店（例：服・家具・家電などの持ち込み買取・査定）,名古屋市外,1011,C0011,折込+ポスティング+web,3,"折込,ポスティング,web",ポスティング,0.127851052,0.347408829,1086,138.8462422,46.09046804,46.09046804
2m2,リサイクルショップ・中古品買取店（例：服・家具・家電などの持ち込み買取・査定）,名古屋市外,1011,C0011,折込+ポスティング+web,3,"折込,ポスティング,web",web,0.428324465,0.094689699,296,126.7840415,42.08638075,42.08638075
2m2,リサイクルショップ・中古品買取店（例：服・家具・家電などの持ち込み買取・査定）,名古屋市外,1100,C0012,フリーペーパー+web,2,"フリーペーパー,web",フリーペーパー,0.408695037,0.105246321,329,134.4606672,54.70016355,54.70016355
2m2,リサイクルショップ・中古品買取店（例：服・家具・家電などの持ち込み買取・査定）,名古屋市外,1100,C0012,フリーペーパー+web,2,"フリーペーパー,web",web,0.376193736,0.094689699,296,111.3533459,45.29983645,45.29983645
2m2,リサイクルショップ・中古品買取店（例：服・家具・家電などの持ち込み買取・査定）,名古屋市外,1101,C0013,折込+フリーペーパー+web,3,"折込,フリーペーパー,web",折込,0.004798975,0.385796545,1206,5.78756396,2.298978126,2.298978126
2m2,リサイクルショップ・中古品買取店（例：服・家具・家電などの持ち込み買取・査定）,名古屋市外,1101,C0013,折込+フリーペーパー+web,3,"折込,フリーペーパー,web",フリーペーパー,0.408385963,0.105246321,329,134.3589818,53.37104909,53.37104909
2m2,リサイクルショップ・中古品買取店（例：服・家具・家電などの持ち込み買取・査定）,名古屋市外,1101,C0013,折込+フリーペーパー+web,3,"折込,フリーペーパー,web",web,0.377022022,0.094689699,296,111.5985185,44.32997279,44.32997279
2m2,リサイクルショップ・中古品買取店（例：服・家具・家電などの持ち込み買取・査定）,名古屋市外,1110,C0014,ポスティング+フリーペーパー+web,3,"ポスティング,フリーペーパー,web",ポスティング,0.084933403,0.347408829,1086,92.2376762,27.91744978,27.91744978
2m2,リサイクルショップ・中古品買取店（例：服・家具・家電などの持ち込み買取・査定）,名古屋市外,1110,C0014,ポスティング+フリーペーパー+web,3,"ポスティング,フリーペーパー,web",フリーペーパー,0.373821095,0.105246321,329,122.9871403,37.22434751,37.22434751
2m2,リサイクルショップ・中古品買取店（例：服・家具・家電などの持ち込み買取・査定）,名古屋市外,1110,C0014,ポスティング+フリーペーパー+web,3,"ポスティング,フリーペーパー,web",web,0.389086255,0.094689699,296,115.1695316,34.85820271,34.85820271
2m2,リサイクルショップ・中古品買取店（例：服・家具・家電などの持ち込み買取・査定）,名古屋市外,1111,C0015,折込+ポスティング+フリーペーパー+web,4,"折込,ポスティング,フリーペーパー,web",折込,0.015898261,0.385796545,1206,19.17330225,5.43316997,5.43316997
2m2,リサイクルショップ・中古品買取店（例：服・家具・家電などの持ち込み買取・査定）,名古屋市外,1111,C0015,折込+ポスティング+フリーペーパー+web,4,"折込,ポスティング,フリーペーパー,web",ポスティング,0.086706335,0.347408829,1086,94.16308013,26.68314579,26.68314579
2m2,リサイクルショップ・中古品買取店（例：服・家具・家電などの持ち込み買取・査定）,名古屋市外,1111,C0015,折込+ポスティング+フリーペーパー+web,4,"折込,ポスティング,フリーペーパー,web",フリーペーパー,0.372911184,0.105246321,329,122.6877796,34.76623647,34.76623647
2m2,リサイクルショップ・中古品買取店（例：服・家具・家電などの持ち込み買取・査定）,名古屋市外,1111,C0015,折込+ポスティング+フリーペーパー+web,4,"折込,ポスティング,フリーペーパー,web",web,0.394828756,0.094689699,296,116.8693119,33.11744777,33.11744777
2m3,金、プラチナなどの貴金属・宝飾品・ブランド時計買取店（査定のみも含む）,名古屋市外,1,C0001,折込,1,折込,折込,0.219361431,0.422317314,1283,281.440716,100,100
2m3,金、プラチナなどの貴金属・宝飾品・ブランド時計買取店（査定のみも含む）,名古屋市外,10,C0002,ポスティング,1,ポスティング,ポスティング,0.136742679,0.244897959,744,101.7365529,100,100
2m3,金、プラチナなどの貴金属・宝飾品・ブランド時計買取店（査定のみも含む）,名古屋市外,11,C0003,折込+ポスティング,2,"折込,ポスティング",折込,0.227065934,0.422317314,1283,291.3255928,71.82976755,71.82976755
2m3,金、プラチナなどの貴金属・宝飾品・ブランド時計買取店（査定のみも含む）,名古屋市外,11,C0003,折込+ポスティング,2,"折込,ポスティング",ポスティング,0.153564798,0.244897959,744,114.2522097,28.17023245,28.17023245
2m3,金、プラチナなどの貴金属・宝飾品・ブランド時計買取店（査定のみも含む）,名古屋市外,100,C0004,フリーペーパー,1,フリーペーパー,フリーペーパー,0.617052254,0.103357472,314,193.7544079,100,100
2m3,金、プラチナなどの貴金属・宝飾品・ブランド時計買取店（査定のみも含む）,名古屋市外,101,C0005,折込+フリーペーパー,2,"折込,フリーペーパー",折込,0.215284144,0.422317314,1283,276.2095573,59.06557906,59.06557906
2m3,金、プラチナなどの貴金属・宝飾品・ブランド時計買取店（査定のみも含む）,名古屋市外,101,C0005,折込+フリーペーパー,2,"折込,フリーペーパー",フリーペーパー,0.60962566,0.103357472,314,191.4224573,40.93442094,40.93442094
2m3,金、プラチナなどの貴金属・宝飾品・ブランド時計買取店（査定のみも含む）,名古屋市外,110,C0006,ポスティング+フリーペーパー,2,"ポスティング,フリーペーパー",ポスティング,0.024133623,0.244897959,744,17.95541572,8.635780636,8.635780636
2m3,金、プラチナなどの貴金属・宝飾品・ブランド時計買取店（査定のみも含む）,名古屋市外,110,C0006,ポスティング+フリーペーパー,2,"ポスティング,フリーペーパー",フリーペーパー,0.604979087,0.103357472,314,189.9634335,91.36421936,91.36421936
2m3,金、プラチナなどの貴金属・宝飾品・ブランド時計買取店（査定のみも含む）,名古屋市外,111,C0007,折込+ポスティング+フリーペーパー,3,"折込,ポスティング,フリーペーパー",折込,0.214940866,0.422317314,1283,275.7691307,56.77815938,56.77815938
2m3,金、プラチナなどの貴金属・宝飾品・ブランド時計買取店（査定のみも含む）,名古屋市外,111,C0007,折込+ポスティング+フリーペーパー,3,"折込,ポスティング,フリーペーパー",ポスティング,0.035263786,0.244897959,744,26.23625711,5.401788025,5.401788025
2m3,金、プラチナなどの貴金属・宝飾品・ブランド時計買取店（査定のみも含む）,名古屋市外,111,C0007,折込+ポスティング+フリーペーパー,3,"折込,ポスティング,フリーペーパー",フリーペーパー,0.585001286,0.103357472,314,183.6904039,37.8200526,37.8200526
2m3,金、プラチナなどの貴金属・宝飾品・ブランド時計買取店（査定のみも含む）,名古屋市外,1000,C0008,web,1,web,web,0.738289564,0.092165899,280,206.7210779,100,100
2m3,金、プラチナなどの貴金属・宝飾品・ブランド時計買取店（査定のみも含む）,名古屋市外,1001,C0009,折込+web,2,"折込,web",折込,0.277805429,0.422317314,1283,356.4243652,59.96852278,59.96852278
2m3,金、プラチナなどの貴金属・宝飾品・ブランド時計買取店（査定のみも含む）,名古屋市外,1001,C0009,折込+web,2,"折込,web",web,0.849743046,0.092165899,280,237.9280529,40.03147722,40.03147722
2m3,金、プラチナなどの貴金属・宝飾品・ブランド時計買取店（査定のみも含む）,名古屋市外,1010,C0010,ポスティング+web,2,"ポスティング,web",ポスティング,0.151564363,0.244897959,744,112.7638863,34.97608665,34.97608665
2m3,金、プラチナなどの貴金属・宝飾品・ブランド時計買取店（査定のみも含む）,名古屋市外,1010,C0010,ポスティング+web,2,"ポスティング,web",web,0.748710443,0.092165899,280,209.6389239,65.02391335,65.02391335
2m3,金、プラチナなどの貴金属・宝飾品・ブランド時計買取店（査定のみも含む）,名古屋市外,1011,C0011,折込+ポスティング+web,3,"折込,ポスティング,web",折込,0.281079123,0.422317314,1283,360.6245153,49.83473295,49.83473295
2m3,金、プラチナなどの貴金属・宝飾品・ブランド時計買取店（査定のみも含む）,名古屋市外,1011,C0011,折込+ポスティング+web,3,"折込,ポスティング,web",ポスティング,0.165538307,0.244897959,744,123.1605004,17.0195602,17.0195602
2m3,金、プラチナなどの貴金属・宝飾品・ブランド時計買取店（査定のみも含む）,名古屋市外,1011,C0011,折込+ポスティング+web,3,"折込,ポスティング,web",web,0.856628196,0.092165899,280,239.8558949,33.14570685,33.14570685
2m3,金、プラチナなどの貴金属・宝飾品・ブランド時計買取店（査定のみも含む）,名古屋市外,1100,C0012,フリーペーパー+web,2,"フリーペーパー,web",フリーペーパー,0.595572329,0.103357472,314,187.0097113,48.33725282,48.33725282
2m3,金、プラチナなどの貴金属・宝飾品・ブランド時計買取店（査定のみも含む）,名古屋市外,1100,C0012,フリーペーパー+web,2,"フリーペーパー,web",web,0.713841283,0.092165899,280,199.8755592,51.66274718,51.66274718
2m3,金、プラチナなどの貴金属・宝飾品・ブランド時計買取店（査定のみも含む）,名古屋市外,1101,C0013,折込+フリーペーパー+web,3,"折込,フリーペーパー,web",折込,0.263712993,0.422317314,1283,338.3437702,45.33346768,45.33346768
2m3,金、プラチナなどの貴金属・宝飾品・ブランド時計買取店（査定のみも含む）,名古屋市外,1101,C0013,折込+フリーペーパー+web,3,"折込,フリーペーパー,web",フリーペーパー,0.576967835,0.103357472,314,181.1679003,24.27403688,24.27403688
2m3,金、プラチナなどの貴金属・宝飾品・ブランド時計買取店（査定のみも含む）,名古屋市外,1101,C0013,折込+フリーペーパー+web,3,"折込,フリーペーパー,web",web,0.810116677,0.092165899,280,226.8326695,30.39249544,30.39249544
2m3,金、プラチナなどの貴金属・宝飾品・ブランド時計買取店（査定のみも含む）,名古屋市外,1110,C0014,ポスティング+フリーペーパー+web,3,"ポスティング,フリーペーパー,web",ポスティング,0.041752902,0.244897959,744,31.06415933,7.551049074,7.551049074
2m3,金、プラチナなどの貴金属・宝飾品・ブランド時計買取店（査定のみも含む）,名古屋市外,1110,C0014,ポスティング+フリーペーパー+web,3,"ポスティング,フリーペーパー,web",フリーペーパー,0.569253925,0.103357472,314,178.7457324,43.44935857,43.44935857
2m3,金、プラチナなどの貴金属・宝飾品・ブランド時計買取店（査定のみも含む）,名古屋市外,1110,C0014,ポスティング+フリーペーパー+web,3,"ポスティング,フリーペーパー,web",web,0.719924159,0.092165899,280,201.5787646,48.99959236,48.99959236
2m3,金、プラチナなどの貴金属・宝飾品・ブランド時計買取店（査定のみも含む）,名古屋市外,1111,C0015,折込+ポスティング+フリーペーパー+web,4,"折込,ポスティング,フリーペーパー,web",折込,0.264764711,0.422317314,1283,339.6931238,43.90513847,43.90513847
2m3,金、プラチナなどの貴金属・宝飾品・ブランド時計買取店（査定のみも含む）,名古屋市外,1111,C0015,折込+ポスティング+フリーペーパー+web,4,"折込,ポスティング,フリーペーパー,web",ポスティング,0.046858074,0.244897959,744,34.8624068,4.505945781,4.505945781
2m3,金、プラチナなどの貴金属・宝飾品・ブランド時計買取店（査定のみも含む）,名古屋市外,1111,C0015,折込+ポスティング+フリーペーパー+web,4,"折込,ポスティング,フリーペーパー,web",フリーペーパー,0.54675401,0.103357472,314,171.680759,22.18963814,22.18963814
2m3,金、プラチナなどの貴金属・宝飾品・ブランド時計買取店（査定のみも含む）,名古屋市外,1111,C0015,折込+ポスティング+フリーペーパー+web,4,"折込,ポスティング,フリーペーパー,web",web,0.812362809,0.092165899,280,227.4615864,29.3992776,29.3992776
2m4,ジム、フィットネスクラブ,名古屋市外,1,C0001,折込,1,折込,折込,0.093833721,0.331064988,973,91.30021064,100,100
2m4,ジム、フィットネスクラブ,名古屋市外,10,C0002,ポスティング,1,ポスティング,ポスティング,-0.013883922,0.200748554,590,-8.191514201,100,0
2m4,ジム、フィットネスクラブ,名古屋市外,11,C0003,折込+ポスティング,2,"折込,ポスティング",折込,0.093250426,0.331064988,973,90.73266439,108.8011437,100
2m4,ジム、フィットネスクラブ,名古屋市外,11,C0003,折込+ポスティング,2,"折込,ポスティング",ポスティング,-0.012439912,0.200748554,590,-7.339548041,-8.801143743,0
2m4,ジム、フィットネスクラブ,名古屋市外,100,C0004,フリーペーパー,1,フリーペーパー,フリーペーパー,0.245674746,0.103776795,305,74.93079764,100,100
2m4,ジム、フィットネスクラブ,名古屋市外,101,C0005,折込+フリーペーパー,2,"折込,フリーペーパー",折込,0.08995655,0.331064988,973,87.52772276,55.30634482,55.30634482
2m4,ジム、フィットネスクラブ,名古屋市外,101,C0005,折込+フリーペーパー,2,"折込,フリーペーパー",フリーペーパー,0.231908521,0.103776795,305,70.73209904,44.69365518,44.69365518
2m4,ジム、フィットネスクラブ,名古屋市外,110,C0006,ポスティング+フリーペーパー,2,"ポスティング,フリーペーパー",ポスティング,-0.067603593,0.200748554,590,-39.88611998,-101.0503926,0
2m4,ジム、フィットネスクラブ,名古屋市外,110,C0006,ポスティング+フリーペーパー,2,"ポスティング,フリーペーパー",フリーペーパー,0.260188964,0.103776795,305,79.35763408,201.0503926,100
2m4,ジム、フィットネスクラブ,名古屋市外,111,C0007,折込+ポスティング+フリーペーパー,3,"折込,ポスティング,フリーペーパー",折込,0.086789204,0.331064988,973,84.4458956,67.59499965,52.38819325
2m4,ジム、フィットネスクラブ,名古屋市外,111,C0007,折込+ポスティング+フリーペーパー,3,"折込,ポスティング,フリーペーパー",ポスティング,-0.061463397,0.200748554,590,-36.26340429,-29.02716328,0
2m4,ジム、フィットネスクラブ,名古屋市外,111,C0007,折込+ポスティング+フリーペーパー,3,"折込,ポスティング,フリーペーパー",フリーペーパー,0.251628569,0.103776795,305,76.74671357,61.43216363,47.61180675
2m4,ジム、フィットネスクラブ,名古屋市外,1000,C0008,web,1,web,web,0.388337359,0.171827152,505,196.1103664,100,100
2m4,ジム、フィットネスクラブ,名古屋市外,1001,C0009,折込+web,2,"折込,web",折込,0.140390247,0.331064988,973,136.5997106,39.22355568,39.22355568
2m4,ジム、フィットネスクラブ,名古屋市外,1001,C0009,折込+web,2,"折込,web",web,0.419128052,0.171827152,505,211.6596663,60.77644432,60.77644432
2m4,ジム、フィットネスクラブ,名古屋市外,1010,C0010,ポスティング+web,2,"ポスティング,web",ポスティング,-0.001237677,0.200748554,590,-0.73022954,-0.373693293,0
2m4,ジム、フィットネスクラブ,名古屋市外,1010,C0010,ポスティング+web,2,"ポスティング,web",web,0.388394097,0.171827152,505,196.1390189,100.3736933,100
2m4,ジム、フィットネスクラブ,名古屋市外,1011,C0011,折込+ポスティング+web,3,"折込,ポスティング,web",折込,0.141696626,0.331064988,973,137.8708167,39.22203204,39.22203204
2m4,ジム、フィットネスクラブ,名古屋市外,1011,C0011,折込+ポスティング+web,3,"折込,ポスティング,web",ポスティング,0.003979839,0.200748554,590,2.348105067,0.667998162,0.667998162
2m4,ジム、フィットネスクラブ,名古屋市外,1011,C0011,折込+ポスティング+web,3,"折込,ポスティング,web",web,0.418405505,0.171827152,505,211.2947798,60.10996979,60.10996979
2m4,ジム、フィットネスクラブ,名古屋市外,1100,C0012,フリーペーパー+web,2,"フリーペーパー,web",フリーペーパー,0.227163792,0.103776795,305,69.28495659,26.27178504,26.27178504
2m4,ジム、フィットネスクラブ,名古屋市外,1100,C0012,フリーペーパー+web,2,"フリーペーパー,web",web,0.385027464,0.171827152,505,194.4388691,73.72821496,73.72821496
2m4,ジム、フィットネスクラブ,名古屋市外,1101,C0013,折込+フリーペーパー+web,3,"折込,フリーペーパー,web",折込,0.134842412,0.331064988,973,131.201667,32.38591092,32.38591092
2m4,ジム、フィットネスクラブ,名古屋市外,1101,C0013,折込+フリーペーパー+web,3,"折込,フリーペーパー,web",フリーペーパー,0.215101254,0.103776795,305,65.60588237,16.19420173,16.19420173
2m4,ジム、フィットネスクラブ,名古屋市外,1101,C0013,折込+フリーペーパー+web,3,"折込,フリーペーパー,web",web,0.412499075,0.171827152,505,208.3120328,51.41988735,51.41988735
2m4,ジム、フィットネスクラブ,名古屋市外,1110,C0014,ポスティング+フリーペーパー+web,3,"ポスティング,フリーペーパー,web",ポスティング,-0.052946517,0.200748554,590,-31.23844512,-13.18132042,0
2m4,ジム、フィットネスクラブ,名古屋市外,1110,C0014,ポスティング+フリーペーパー+web,3,"ポスティング,フリーペーパー,web",フリーペーパー,0.245598531,0.103776795,305,74.90755182,31.60786136,27.92674732
2m4,ジム、フィットネスクラブ,名古屋市外,1110,C0014,ポスティング+フリーペーパー+web,3,"ポスティング,フリーペーパー,web",web,0.382814159,0.171827152,505,193.3211501,81.57345906,72.07325268
2m4,ジム、フィットネスクラブ,名古屋市外,1111,C0015,折込+ポスティング+フリーペーパー+web,4,"折込,ポスティング,フリーペーパー,web",折込,0.133918573,0.331064988,973,130.3027718,34.04905435,32.01076741
2m4,ジム、フィットネスクラブ,名古屋市外,1111,C0015,折込+ポスティング+フリーペーパー+web,4,"折込,ポスティング,フリーペーパー,web",ポスティング,-0.0413015,0.200748554,590,-24.367885,-6.367504154,0
2m4,ジム、フィットネスクラブ,名古屋市外,1111,C0015,折込+ポスティング+フリーペーパー+web,4,"折込,ポスティング,フリーペーパー,web",フリーペーパー,0.223020751,0.103776795,305,68.02132917,17.77446405,16.71042693
2m4,ジム、フィットネスクラブ,名古屋市外,1111,C0015,折込+ポスティング+フリーペーパー+web,4,"折込,ポスティング,フリーペーパー,web",web,0.413336818,0.171827152,505,208.7350931,54.54398575,51.27880567
2m5,学習塾(小学生~高校生向け),名古屋市外,1,C0001,折込,1,折込,折込,-0.058106159,0.380552813,771,-44.79984877,100,0
2m5,学習塾(小学生~高校生向け),名古屋市外,10,C0002,ポスティング,1,ポスティング,ポスティング,-0.063061602,0.240375123,487,-30.71099997,100,0
2m5,学習塾(小学生~高校生向け),名古屋市外,11,C0003,折込+ポスティング,2,"折込,ポスティング",折込,-0.062985542,0.380552813,771,-48.56185324,57.98199028,0
2m5,学習塾(小学生~高校生向け),名古屋市外,11,C0003,折込+ポスティング,2,"折込,ポスティング",ポスティング,-0.072261779,0.240375123,487,-35.19148638,42.01800972,0
2m5,学習塾(小学生~高校生向け),名古屋市外,100,C0004,フリーペーパー,1,フリーペーパー,フリーペーパー,0.536874918,0.10266535,208,111.6699829,100,100
2m5,学習塾(小学生~高校生向け),名古屋市外,101,C0005,折込+フリーペーパー,2,"折込,フリーペーパー",折込,-0.054612566,0.380552813,771,-42.10628814,-61.10049923,0
2m5,学習塾(小学生~高校生向け),名古屋市外,101,C0005,折込+フリーペーパー,2,"折込,フリーペーパー",フリーペーパー,0.533747373,0.10266535,208,111.0194536,161.1004992,100
2m5,学習塾(小学生~高校生向け),名古屋市外,110,C0006,ポスティング+フリーペーパー,2,"ポスティング,フリーペーパー",ポスティング,-0.164884358,0.240375123,487,-80.29868218,-177.9330541,0
2m5,学習塾(小学生~高校生向け),名古屋市外,110,C0006,ポスティング+フリーペーパー,2,"ポスティング,フリーペーパー",フリーペーパー,0.603015742,0.10266535,208,125.4272743,277.9330541,100
2m5,学習塾(小学生~高校生向け),名古屋市外,111,C0007,折込+ポスティング+フリーペーパー,3,"折込,ポスティング,フリーペーパー",折込,-0.064051716,0.380552813,771,-49.38387313,785.1243095,0
2m5,学習塾(小学生~高校生向け),名古屋市外,111,C0007,折込+ポスティング+フリーペーパー,3,"折込,ポスティング,フリーペーパー",ポスティング,-0.166422617,0.240375123,487,-81.0478147,1288.530152,0
2m5,学習塾(小学生~高校生向け),名古屋市外,111,C0007,折込+ポスティング+フリーペーパー,3,"折込,ポスティング,フリーペーパー",フリーペーパー,0.596835311,0.10266535,208,124.1417446,-1973.654461,100
2m5,学習塾(小学生~高校生向け),名古屋市外,1000,C0008,web,1,web,web,1.03171189,0.110562685,224,231.1034633,100,100
2m5,学習塾(小学生~高校生向け),名古屋市外,1001,C0009,折込+web,2,"折込,web",折込,0.030304449,0.380552813,771,23.36473004,9.138632406,9.138632406
2m5,学習塾(小学生~高校生向け),名古屋市外,1001,C0009,折込+web,2,"折込,web",web,1.03707654,0.110562685,224,232.3051449,90.86136759,90.86136759
2m5,学習塾(小学生~高校生向け),名古屋市外,1010,C0010,ポスティング+web,2,"ポスティング,web",ポスティング,-0.02214462,0.240375123,487,-10.78443016,-4.912217852,0
2m5,学習塾(小学生~高校生向け),名古屋市外,1010,C0010,ポスティング+web,2,"ポスティング,web",web,1.028247431,0.110562685,224,230.3274245,104.9122179,100
2m5,学習塾(小学生~高校生向け),名古屋市外,1011,C0011,折込+ポスティング+web,3,"折込,ポスティング,web",折込,0.028682404,0.380552813,771,22.11413353,9.118139954,8.694417941
2m5,学習塾(小学生~高校生向け),名古屋市外,1011,C0011,折込+ポスティング+web,3,"折込,ポスティング,web",ポスティング,-0.024270305,0.240375123,487,-11.81963833,-4.873494876,0
2m5,学習塾(小学生~高校生向け),名古屋市外,1011,C0011,折込+ポスティング+web,3,"折込,ポスティング,web",web,1.036761176,0.110562685,224,232.2345035,95.75535492,91.30558206
2m5,学習塾(小学生~高校生向け),名古屋市外,1100,C0012,フリーペーパー+web,2,"フリーペーパー,web",フリーペーパー,0.469466281,0.10266535,208,97.6489864,30.19558044,30.19558044
2m5,学習塾(小学生~高校生向け),名古屋市外,1100,C0012,フリーペーパー+web,2,"フリーペーパー,web",web,1.007764972,0.110562685,224,225.7393538,69.80441956,69.80441956
2m5,学習塾(小学生~高校生向け),名古屋市外,1101,C0013,折込+フリーペーパー+web,3,"折込,フリーペーパー,web",折込,0.023757044,0.380552813,771,18.31668089,5.346849658,5.346849658
2m5,学習塾(小学生~高校生向け),名古屋市外,1101,C0013,折込+フリーペーパー+web,3,"折込,フリーペーパー,web",フリーペーパー,0.468254559,0.10266535,208,97.39694831,28.43128856,28.43128856
2m5,学習塾(小学生~高校生向け),名古屋市外,1101,C0013,折込+フリーペーパー+web,3,"折込,フリーペーパー,web",web,1.01274982,0.110562685,224,226.8559596,66.22186178,66.22186178
2m5,学習塾(小学生~高校生向け),名古屋市外,1110,C0014,ポスティング+フリーペーパー+web,3,"ポスティング,フリーペーパー,web",ポスティング,-0.127625853,0.240375123,487,-62.15379026,-22.94618566,0
2m5,学習塾(小学生~高校生向け),名古屋市外,1110,C0014,ポスティング+フリーペーパー+web,3,"ポスティング,フリーペーパー,web",フリーペーパー,0.524450092,0.10266535,208,109.0856191,40.27266656,32.75633672
2m5,学習塾(小学生~高校生向け),名古屋市外,1110,C0014,ポスティング+フリーペーパー+web,3,"ポスティング,フリーペーパー,web",web,0.999713417,0.110562685,224,223.9358054,82.67351911,67.24366328
2m5,学習塾(小学生~高校生向け),名古屋市外,1111,C0015,折込+ポスティング+フリーペーパー+web,4,"折込,ポスティング,フリーペーパー,web",折込,0.018617128,0.380552813,771,14.35380551,5.013551559,4.108978174
2m5,学習塾(小学生~高校生向け),名古屋市外,1111,C0015,折込+ポスティング+フリーペーパー+web,4,"折込,ポスティング,フリーペーパー,web",ポスティング,-0.129420353,0.240375123,487,-63.02771214,-22.01455804,0
2m5,学習塾(小学生~高校生向け),名古屋市外,1111,C0015,折込+ポスティング+フリーペーパー+web,4,"折込,ポスティング,フリーペーパー,web",フリーペーパー,0.530823963,0.10266535,208,110.4113844,38.56490656,31.60680757
2m5,学習塾(小学生~高校生向け),名古屋市外,1111,C0015,折込+ポスティング+フリーペーパー+web,4,"折込,ポスティング,フリーペーパー,web",web,1.002511919,0.110562685,224,224.5626698,78.43609992,64.28421426
2m6,葬儀会社・葬祭サービス(お葬式の依頼・会員登録・相談など),名古屋市外,1,C0001,折込,1,折込,折込,0.244181081,0.38766832,1094,267.1341028,100,100
2m6,葬儀会社・葬祭サービス(お葬式の依頼・会員登録・相談など),名古屋市外,10,C0002,ポスティング,1,ポスティング,ポスティング,0.210749703,0.181785967,513,108.1145977,100,100
2m6,葬儀会社・葬祭サービス(お葬式の依頼・会員登録・相談など),名古屋市外,11,C0003,折込+ポスティング,2,"折込,ポスティング",折込,0.250605925,0.38766832,1094,274.1628818,69.39684277,69.39684277
2m6,葬儀会社・葬祭サービス(お葬式の依頼・会員登録・相談など),名古屋市外,11,C0003,折込+ポスティング,2,"折込,ポスティング",ポスティング,0.235677332,0.181785967,513,120.9024712,30.60315723,30.60315723
2m6,葬儀会社・葬祭サービス(お葬式の依頼・会員登録・相談など),名古屋市外,100,C0004,フリーペーパー,1,フリーペーパー,フリーペーパー,0.185870421,0.080439405,227,42.19258554,100,100
2m6,葬儀会社・葬祭サービス(お葬式の依頼・会員登録・相談など),名古屋市外,101,C0005,折込+フリーペーパー,2,"折込,フリーペーパー",折込,0.2440402,0.38766832,1094,266.9799791,86.81462201,86.81462201
2m6,葬儀会社・葬祭サービス(お葬式の依頼・会員登録・相談など),名古屋市外,101,C0005,折込+フリーペーパー,2,"折込,フリーペーパー",フリーペーパー,0.178629237,0.080439405,227,40.5488368,13.18537799,13.18537799
2m6,葬儀会社・葬祭サービス(お葬式の依頼・会員登録・相談など),名古屋市外,110,C0006,ポスティング+フリーペーパー,2,"ポスティング,フリーペーパー",ポスティング,0.195788225,0.181785967,513,100.4393592,83.35869774,83.35869774
2m6,葬儀会社・葬祭サービス(お葬式の依頼・会員登録・相談など),名古屋市外,110,C0006,ポスティング+フリーペーパー,2,"ポスティング,フリーペーパー",フリーペーパー,0.088331268,0.080439405,227,20.05119779,16.64130226,16.64130226
2m6,葬儀会社・葬祭サービス(お葬式の依頼・会員登録・相談など),名古屋市外,111,C0007,折込+ポスティング+フリーペーパー,3,"折込,ポスティング,フリーペーパー",折込,0.249098885,0.38766832,1094,272.5141802,67.78525391,67.78525391
2m6,葬儀会社・葬祭サービス(お葬式の依頼・会員登録・相談など),名古屋市外,111,C0007,折込+ポスティング+フリーペーパー,3,"折込,ポスティング,フリーペーパー",ポスティング,0.218703098,0.181785967,513,112.1946894,27.90733862,27.90733862
2m6,葬儀会社・葬祭サービス(お葬式の依頼・会員登録・相談など),名古屋市外,111,C0007,折込+ポスティング+フリーペーパー,3,"折込,ポスティング,フリーペーパー",フリーペーパー,0.076285848,0.080439405,227,17.3168875,4.307407471,4.307407471
2m6,葬儀会社・葬祭サービス(お葬式の依頼・会員登録・相談など),名古屋市外,1000,C0008,web,1,web,web,0.494969115,0.081856839,231,114.3378656,100,100
2m6,葬儀会社・葬祭サービス(お葬式の依頼・会員登録・相談など),名古屋市外,1001,C0009,折込+web,2,"折込,web",折込,0.280515324,0.38766832,1094,306.8837649,68.24843036,68.24843036
2m6,葬儀会社・葬祭サービス(お葬式の依頼・会員登録・相談など),名古屋市外,1001,C0009,折込+web,2,"折込,web",web,0.618065448,0.081856839,231,142.7731185,31.75156964,31.75156964
2m6,葬儀会社・葬祭サービス(お葬式の依頼・会員登録・相談など),名古屋市外,1010,C0010,ポスティング+web,2,"ポスティング,web",ポスティング,0.218642066,0.181785967,513,112.1633798,49.16268555,49.16268555
2m6,葬儀会社・葬祭サービス(お葬式の依頼・会員登録・相談など),名古屋市外,1010,C0010,ポスティング+web,2,"ポスティング,web",web,0.502095246,0.081856839,231,115.9840018,50.83731445,50.83731445
2m6,葬儀会社・葬祭サービス(お葬式の依頼・会員登録・相談など),名古屋市外,1011,C0011,折込+ポスティング+web,3,"折込,ポスティング,web",折込,0.285319165,0.38766832,1094,312.139166,53.64190765,53.64190765
2m6,葬儀会社・葬祭サービス(お葬式の依頼・会員登録・相談など),名古屋市外,1011,C0011,折込+ポスティング+web,3,"折込,ポスティング,web",ポスティング,0.24497332,0.181785967,513,125.6713134,21.59693407,21.59693407
2m6,葬儀会社・葬祭サービス(お葬式の依頼・会員登録・相談など),名古屋市外,1011,C0011,折込+ポスティング+web,3,"折込,ポスティング,web",web,0.623739184,0.081856839,231,144.0837515,24.76115828,24.76115828
2m6,葬儀会社・葬祭サービス(お葬式の依頼・会員登録・相談など),名古屋市外,1100,C0012,フリーペーパー+web,2,"フリーペーパー,web",フリーペーパー,0.165991089,0.080439405,227,37.6799773,24.90929047,24.90929047
2m6,葬儀会社・葬祭サービス(お葬式の依頼・会員登録・相談など),名古屋市外,1100,C0012,フリーペーパー+web,2,"フリーペーパー,web",web,0.491726375,0.081856839,231,113.5887927,75.09070953,75.09070953
2m6,葬儀会社・葬祭サービス(お葬式の依頼・会員登録・相談など),名古屋市外,1101,C0013,折込+フリーペーパー+web,3,"折込,フリーペーパー,web",折込,0.278829421,0.38766832,1094,305.0393867,63.61566345,63.61566345
2m6,葬儀会社・葬祭サービス(お葬式の依頼・会員登録・相談など),名古屋市外,1101,C0013,折込+フリーペーパー+web,3,"折込,フリーペーパー,web",フリーペーパー,0.146838799,0.080439405,227,33.33240733,6.951440695,6.951440695
2m6,葬儀会社・葬祭サービス(お葬式の依頼・会員登録・相談など),名古屋市外,1101,C0013,折込+フリーペーパー+web,3,"折込,フリーペーパー,web",web,0.610960133,0.081856839,231,141.1317907,29.43289586,29.43289586
2m6,葬儀会社・葬祭サービス(お葬式の依頼・会員登録・相談など),名古屋市外,1110,C0014,ポスティング+フリーペーパー+web,3,"ポスティング,フリーペーパー,web",ポスティング,0.202996285,0.181785967,513,104.1370942,43.83143483,43.83143483
2m6,葬儀会社・葬祭サービス(お葬式の依頼・会員登録・相談など),名古屋市外,1110,C0014,ポスティング+フリーペーパー+web,3,"ポスティング,フリーペーパー,web",フリーペーパー,0.079948969,0.080439405,227,18.14841598,7.638691271,7.638691271
2m6,葬儀会社・葬祭サービス(お葬式の依頼・会員登録・相談など),名古屋市外,1110,C0014,ポスティング+フリーペーパー+web,3,"ポスティング,フリーペーパー,web",web,0.499133766,0.081856839,231,115.2998999,48.5298739,48.5298739
2m6,葬儀会社・葬祭サービス(お葬式の依頼・会員登録・相談など),名古屋市外,1111,C0015,折込+ポスティング+フリーペーパー+web,4,"折込,ポスティング,フリーペーパー,web",折込,0.284493394,0.38766832,1094,311.2357729,53.28163274,53.28163274
2m6,葬儀会社・葬祭サービス(お葬式の依頼・会員登録・相談など),名古屋市外,1111,C0015,折込+ポスティング+フリーペーパー+web,4,"折込,ポスティング,フリーペーパー,web",ポスティング,0.233167639,0.181785967,513,119.6149989,20.47734545,20.47734545
2m6,葬儀会社・葬祭サービス(お葬式の依頼・会員登録・相談など),名古屋市外,1111,C0015,折込+ポスティング+フリーペーパー+web,4,"折込,ポスティング,フリーペーパー,web",フリーペーパー,0.041702807,0.080439405,227,9.466537165,1.620612412,1.620612412
2m6,葬儀会社・葬祭サービス(お葬式の依頼・会員登録・相談など),名古屋市外,1111,C0015,折込+ポスティング+フリーペーパー+web,4,"折込,ポスティング,フリーペーパー,web",web,0.622580156,0.081856839,231,143.816016,24.6204094,24.6204094
2m7,弁護士・司法書士（法律の相談・手続き・書類作成など),名古屋市外,1,C0001,折込,1,折込,折込,0.293554013,0.181775701,389,114.1925109,100,100
2m7,弁護士・司法書士（法律の相談・手続き・書類作成など),名古屋市外,10,C0002,ポスティング,1,ポスティング,ポスティング,0.528807091,0.085514019,183,96.77169764,100,100
2m7,弁護士・司法書士（法律の相談・手続き・書類作成など),名古屋市外,11,C0003,折込+ポスティング,2,"折込,ポスティング",折込,0.263413259,0.181775701,389,102.4677578,52.98344969,52.98344969
2m7,弁護士・司法書士（法律の相談・手続き・書類作成など),名古屋市外,11,C0003,折込+ポスティング,2,"折込,ポスティング",ポスティング,0.496874459,0.085514019,183,90.92802594,47.01655031,47.01655031
2m7,弁護士・司法書士（法律の相談・手続き・書類作成など),名古屋市外,100,C0004,フリーペーパー,1,フリーペーパー,フリーペーパー,0.351153978,0.060747664,130,45.6500171,100,100
2m7,弁護士・司法書士（法律の相談・手続き・書類作成など),名古屋市外,101,C0005,折込+フリーペーパー,2,"折込,フリーペーパー",折込,0.279360423,0.181775701,389,108.6712044,72.96918746,72.96918746
2m7,弁護士・司法書士（法律の相談・手続き・書類作成など),名古屋市外,101,C0005,折込+フリーペーパー,2,"折込,フリーペーパー",フリーペーパー,0.309663999,0.060747664,130,40.25631991,27.03081254,27.03081254
2m7,弁護士・司法書士（法律の相談・手続き・書類作成など),名古屋市外,110,C0006,ポスティング+フリーペーパー,2,"ポスティング,フリーペーパー",ポスティング,0.487386953,0.085514019,183,89.19181235,77.49859593,77.49859593
2m7,弁護士・司法書士（法律の相談・手続き・書類作成など),名古屋市外,110,C0006,ポスティング+フリーペーパー,2,"ポスティング,フリーペーパー",フリーペーパー,0.199203709,0.060747664,130,25.8964822,22.50140407,22.50140407
2m7,弁護士・司法書士（法律の相談・手続き・書類作成など),名古屋市外,111,C0007,折込+ポスティング+フリーペーパー,3,"折込,ポスティング,フリーペーパー",折込,0.254737424,0.181775701,389,99.09285808,48.4272411,48.4272411
2m7,弁護士・司法書士（法律の相談・手続き・書類作成など),名古屋市外,111,C0007,折込+ポスティング+フリーペーパー,3,"折込,ポスティング,フリーペーパー",ポスティング,0.462083446,0.085514019,183,84.56127062,41.32557198,41.32557198
2m7,弁護士・司法書士（法律の相談・手続き・書類作成など),名古屋市外,111,C0007,折込+ポスティング+フリーペーパー,3,"折込,ポスティング,フリーペーパー",フリーペーパー,0.161292411,0.060747664,130,20.96801337,10.24718692,10.24718692
2m7,弁護士・司法書士（法律の相談・手続き・書類作成など),名古屋市外,1000,C0008,web,1,web,web,0.642813673,0.148130841,317,203.7719345,100,100
2m7,弁護士・司法書士（法律の相談・手続き・書類作成など),名古屋市外,1001,C0009,折込+web,2,"折込,web",折込,0.385628669,0.181775701,389,150.0095522,40.40772193,40.40772193
2m7,弁護士・司法書士（法律の相談・手続き・書類作成など),名古屋市外,1001,C0009,折込+web,2,"折込,web",web,0.697887265,0.148130841,317,221.230263,59.59227807,59.59227807
2m7,弁護士・司法書士（法律の相談・手続き・書類作成など),名古屋市外,1010,C0010,ポスティング+web,2,"ポスティング,web",ポスティング,0.532832076,0.085514019,183,97.50826984,32.29815584,32.29815584
2m7,弁護士・司法書士（法律の相談・手続き・書類作成など),名古屋市外,1010,C0010,ポスティング+web,2,"ポスティング,web",web,0.644770206,0.148130841,317,204.3921554,67.70184416,67.70184416
2m7,弁護士・司法書士（法律の相談・手続き・書類作成など),名古屋市外,1011,C0011,折込+ポスティング+web,3,"折込,ポスティング,web",折込,0.350376002,0.181775701,389,136.2962649,30.69718553,30.69718553
2m7,弁護士・司法書士（法律の相談・手続き・書類作成など),名古屋市外,1011,C0011,折込+ポスティング+web,3,"折込,ポスティング,web",ポスティング,0.484323518,0.085514019,183,88.63120376,19.96187135,19.96187135
2m7,弁護士・司法書士（法律の相談・手続き・書類作成など),名古屋市外,1011,C0011,折込+ポスティング+web,3,"折込,ポスティング,web",web,0.691088363,0.148130841,317,219.0750109,49.34094312,49.34094312
2m7,弁護士・司法書士（法律の相談・手続き・書類作成など),名古屋市外,1100,C0012,フリーペーパー+web,2,"フリーペーパー,web",フリーペーパー,0.354918086,0.060747664,130,46.13935124,18.4536102,18.4536102
2m7,弁護士・司法書士（法律の相談・手続き・書類作成など),名古屋市外,1100,C0012,フリーペーパー+web,2,"フリーペーパー,web",web,0.643184571,0.148130841,317,203.889509,81.5463898,81.5463898
2m7,弁護士・司法書士（法律の相談・手続き・書類作成など),名古屋市外,1101,C0013,折込+フリーペーパー+web,3,"折込,フリーペーパー,web",折込,0.367209378,0.181775701,389,142.844448,35.70620054,35.70620054
2m7,弁護士・司法書士（法律の相談・手続き・書類作成など),名古屋市外,1101,C0013,折込+フリーペーパー+web,3,"折込,フリーペーパー,web",フリーペーパー,0.287217159,0.060747664,130,37.33823064,9.333273853,9.333273853
2m7,弁護士・司法書士（法律の相談・手続き・書類作成など),名古屋市外,1101,C0013,折込+フリーペーパー+web,3,"折込,フリーペーパー,web",web,0.693603603,0.148130841,317,219.8723421,54.96052561,54.96052561
2m7,弁護士・司法書士（法律の相談・手続き・書類作成など),名古屋市外,1110,C0014,ポスティング+フリーペーパー+web,3,"ポスティング,フリーペーパー,web",ポスティング,0.486956736,0.085514019,183,89.1130826,27.96619689,27.96619689
2m7,弁護士・司法書士（法律の相談・手続き・書類作成など),名古屋市外,1110,C0014,ポスティング+フリーペーパー+web,3,"ポスティング,フリーペーパー,web",フリーペーパー,0.192555458,0.060747664,130,25.03220952,7.855812855,7.855812855
2m7,弁護士・司法書士（法律の相談・手続き・書類作成など),名古屋市外,1110,C0014,ポスティング+フリーペーパー+web,3,"ポスティング,フリーペーパー,web",web,0.645111683,0.148130841,317,204.5004035,64.17799026,64.17799026
2m7,弁護士・司法書士（法律の相談・手続き・書類作成など),名古屋市外,1111,C0015,折込+ポスティング+フリーペーパー+web,4,"折込,ポスティング,フリーペーパー,web",折込,0.341653457,0.181775701,389,132.9031947,29.45003191,29.45003191
2m7,弁護士・司法書士（法律の相談・手続き・書類作成など),名古屋市外,1111,C0015,折込+ポスティング+フリーペーパー+web,4,"折込,ポスティング,フリーペーパー,web",ポスティング,0.457229902,0.085514019,183,83.67307205,18.54112422,18.54112422
2m7,弁護士・司法書士（法律の相談・手続き・書類作成など),名古屋市外,1111,C0015,折込+ポスティング+フリーペーパー+web,4,"折込,ポスティング,フリーペーパー,web",フリーペーパー,0.124716292,0.060747664,130,16.21311801,3.592666405,3.592666405
2m7,弁護士・司法書士（法律の相談・手続き・書類作成など),名古屋市外,1111,C0015,折込+ポスティング+フリーペーパー+web,4,"折込,ポスティング,フリーペーパー,web",web,0.689256526,0.148130841,317,218.4943188,48.41617747,48.41617747
2m8,ファイナンシャルプランナー（資産運営・保険・お金の相談など）,名古屋市外,1,C0001,折込,1,折込,折込,0.315293383,0.189664963,334,105.3079899,100,100
2m8,ファイナンシャルプランナー（資産運営・保険・お金の相談など）,名古屋市外,10,C0002,ポスティング,1,ポスティング,ポスティング,0.642412031,0.107893242,190,122.0582859,100,100
2m8,ファイナンシャルプランナー（資産運営・保険・お金の相談など）,名古屋市外,11,C0003,折込+ポスティング,2,"折込,ポスティング",折込,0.270802641,0.189664963,334,90.44808212,44.29470385,44.29470385
2m8,ファイナンシャルプランナー（資産運営・保険・お金の相談など）,名古屋市外,11,C0003,折込+ポスティング,2,"折込,ポスティング",ポスティング,0.598674068,0.107893242,190,113.7480729,55.70529615,55.70529615
2m8,ファイナンシャルプランナー（資産運営・保険・お金の相談など）,名古屋市外,100,C0004,フリーペーパー,1,フリーペーパー,フリーペーパー,0.780083883,0.082907439,146,113.8922469,100,100
2m8,ファイナンシャルプランナー（資産運営・保険・お金の相談など）,名古屋市外,101,C0005,折込+フリーペーパー,2,"折込,フリーペーパー",折込,0.298843036,0.189664963,334,99.81357396,47.12755039,47.12755039
2m8,ファイナンシャルプランナー（資産運営・保険・お金の相談など）,名古屋市外,101,C0005,折込+フリーペーパー,2,"折込,フリーペーパー",フリーペーパー,0.766992851,0.082907439,146,111.9809563,52.87244961,52.87244961
2m8,ファイナンシャルプランナー（資産運営・保険・お金の相談など）,名古屋市外,110,C0006,ポスティング+フリーペーパー,2,"ポスティング,フリーペーパー",ポスティング,0.5072114,0.107893242,190,96.37016591,51.26213968,51.26213968
2m8,ファイナンシャルプランナー（資産運営・保険・お金の相談など）,名古屋市外,110,C0006,ポスティング+フリーペーパー,2,"ポスティング,フリーペーパー",フリーペーパー,0.627566107,0.082907439,146,91.62465155,48.73786032,48.73786032
2m8,ファイナンシャルプランナー（資産運営・保険・お金の相談など）,名古屋市外,111,C0007,折込+ポスティング+フリーペーパー,3,"折込,ポスティング,フリーペーパー",折込,0.256552134,0.189664963,334,85.68841273,32.47044458,32.47044458
2m8,ファイナンシャルプランナー（資産運営・保険・お金の相談など）,名古屋市外,111,C0007,折込+ポスティング+フリーペーパー,3,"折込,ポスティング,フリーペーパー",ポスティング,0.454642594,0.107893242,190,86.38209291,32.73330513,32.73330513
2m8,ファイナンシャルプランナー（資産運営・保険・お金の相談など）,名古屋市外,111,C0007,折込+ポスティング+フリーペーパー,3,"折込,ポスティング,フリーペーパー",フリーペーパー,0.628946136,0.082907439,146,91.82613592,34.7962503,34.7962503
2m8,ファイナンシャルプランナー（資産運営・保険・お金の相談など）,名古屋市外,1000,C0008,web,1,web,web,0.319187842,0.203861442,359,114.5884353,100,100
2m8,ファイナンシャルプランナー（資産運営・保険・お金の相談など）,名古屋市外,1001,C0009,折込+web,2,"折込,web",折込,0.377135743,0.189664963,334,125.9633382,47.61595619,47.61595619
2m8,ファイナンシャルプランナー（資産運営・保険・お金の相談など）,名古屋市外,1001,C0009,折込+web,2,"折込,web",web,0.386007927,0.203861442,359,138.5768459,52.38404381,52.38404381
2m8,ファイナンシャルプランナー（資産運営・保険・お金の相談など）,名古屋市外,1010,C0010,ポスティング+web,2,"ポスティング,web",ポスティング,0.676368457,0.107893242,190,128.5100068,49.8735887,49.8735887
2m8,ファイナンシャルプランナー（資産運営・保険・お金の相談など）,名古屋市外,1010,C0010,ポスティング+web,2,"ポスティング,web",web,0.359781221,0.203861442,359,129.1614585,50.1264113,50.1264113
2m8,ファイナンシャルプランナー（資産運営・保険・お金の相談など）,名古屋市外,1011,C0011,折込+ポスティング+web,3,"折込,ポスティング,web",折込,0.326058172,0.189664963,334,108.9034295,29.05772247,29.05772247
2m8,ファイナンシャルプランナー（資産運営・保険・お金の相談など）,名古屋市外,1011,C0011,折込+ポスティング+web,3,"折込,ポスティング,web",ポスティング,0.622254525,0.107893242,190,118.2283598,31.54580972,31.54580972
2m8,ファイナンシャルプランナー（資産運営・保険・お金の相談など）,名古屋市外,1011,C0011,折込+ポスティング+web,3,"折込,ポスティング,web",web,0.411284954,0.203861442,359,147.6512986,39.39646781,39.39646781
2m8,ファイナンシャルプランナー（資産運営・保険・お金の相談など）,名古屋市外,1100,C0012,フリーペーパー+web,2,"フリーペーパー,web",フリーペーパー,0.802492195,0.082907439,146,117.1638604,48.99908411,48.99908411
2m8,ファイナンシャルプランナー（資産運営・保険・お金の相談など）,名古屋市外,1100,C0012,フリーペーパー+web,2,"フリーペーパー,web",web,0.339695065,0.203861442,359,121.9505283,51.00091589,51.00091589
2m8,ファイナンシャルプランナー（資産運営・保険・お金の相談など）,名古屋市外,1101,C0013,折込+フリーペーパー+web,3,"折込,フリーペーパー,web",折込,0.354417345,0.189664963,334,118.3753932,31.64151861,31.64151861
2m8,ファイナンシャルプランナー（資産運営・保険・お金の相談など）,名古屋市外,1101,C0013,折込+フリーペーパー+web,3,"折込,フリーペーパー,web",フリーペーパー,0.77853382,0.082907439,146,113.6659378,30.38269008,30.38269008
2m8,ファイナンシャルプランナー（資産運営・保険・お金の相談など）,名古屋市外,1101,C0013,折込+フリーペーパー+web,3,"折込,フリーペーパー,web",web,0.395745968,0.203861442,359,142.0728026,37.9757913,37.9757913
2m8,ファイナンシャルプランナー（資産運営・保険・お金の相談など）,名古屋市外,1110,C0014,ポスティング+フリーペーパー+web,3,"ポスティング,フリーペーパー,web",ポスティング,0.525603204,0.107893242,190,99.86460882,30.93382364,30.93382364
2m8,ファイナンシャルプランナー（資産運営・保険・お金の相談など）,名古屋市外,1110,C0014,ポスティング+フリーペーパー+web,3,"ポスティング,フリーペーパー,web",フリーペーパー,0.642880919,0.082907439,146,93.86061411,29.07404052,29.07404052
2m8,ファイナンシャルプランナー（資産運営・保険・お金の相談など）,名古屋市外,1110,C0014,ポスティング+フリーペーパー+web,3,"ポスティング,フリーペーパー,web",web,0.359631853,0.203861442,359,129.1078351,39.99213584,39.99213584
2m8,ファイナンシャルプランナー（資産運営・保険・お金の相談など）,名古屋市外,1111,C0015,折込+ポスティング+フリーペーパー+web,4,"折込,ポスティング,フリーペーパー,web",折込,0.308145541,0.189664963,334,102.9206106,24.00441435,24.00441435
2m8,ファイナンシャルプランナー（資産運営・保険・お金の相談など）,名古屋市外,1111,C0015,折込+ポスティング+フリーペーパー+web,4,"折込,ポスティング,フリーペーパー,web",ポスティング,0.471527802,0.107893242,190,89.59028241,20.89535077,20.89535077
2m8,ファイナンシャルプランナー（資産運営・保険・お金の相談など）,名古屋市外,1111,C0015,折込+ポスティング+フリーペーパー+web,4,"折込,ポスティング,フリーペーパー,web",フリーペーパー,0.628873229,0.082907439,146,91.81549139,21.41434145,21.41434145
2m8,ファイナンシャルプランナー（資産運営・保険・お金の相談など）,名古屋市外,1111,C0015,折込+ポスティング+フリーペーパー+web,4,"折込,ポスティング,フリーペーパー,web",web,0.402313737,0.203861442,359,144.4306315,33.68589343,33.68589343
